date, pm25, pm10, o3, no2, so2, co
2020/4/2, 53, , 25, 9, , 3
2020/4/3, 53, , 18, 10, , 2
2020/4/4, 52, , 33, 5, , 1
2020/4/5, 50, , 34, 5, , 1
2020/4/6, 56, , 26, 12, , 3
2020/4/7, 60, , 17, 6, , 1
2020/4/8, 84, , , , , 
2020/3/2, 33, , 13, 4, , 1
2020/3/3, 35, , 13, 8, , 1
2020/3/4, 130, , 7, 10, , 3
2020/3/24, 41, , 19, 5, , 1
2020/3/25, 36, , 25, 5, , 1
2020/3/26, 34, , 30, 7, , 1
2020/3/27, 42, , 26, 6, , 1
2020/3/28, 49, , 31, 7, , 2
2020/3/29, 56, , 23, 6, , 2
2020/3/30, 55, , 32, 7, , 2
2020/3/31, 51, , 29, 9, , 2
2020/4/1, 56, , 26, 7, , 1
2020/2/6, 31, 19, 17, 15, , 4
2020/2/7, 36, 19, 18, 17, , 5
2020/2/8, 28, 15, 13, 16, , 5
2020/2/9, 21, 14, 19, 12, , 5
2020/2/10, 23, 13, 17, 8, , 6
2020/2/11, 15, 9, 7, 11, , 3
2020/2/12, 23, 10, 9, 10, , 2
2020/2/13, 12, 11, 9, 10, , 2
2020/2/14, 18, 14, 12, 10, , 2
2020/2/18, 68, 25, 27, 16, , 5
2020/2/19, 55, 44, 19, 18, , 5
2020/2/20, 43, 22, 17, 18, , 6
2020/2/21, 49, 30, 13, 17, , 8
2020/2/22, 37, 13, , 15, , 4
2020/2/23, 29, , 11, 9, , 3
2020/2/24, 32, , 16, 4, , 1
2020/2/25, 44, , 29, 10, , 3
2020/2/26, 35, , 19, 8, , 3
2020/2/27, 27, , 4, 10, , 4
2020/2/28, 46, , 12, 9, , 2
2020/2/29, 54, , 9, 11, , 2
2020/3/1, 53, , 10, 10, , 3
2020/1/2, 29, 14, 18, 14, , 4
2020/1/3, 32, 7, 11, 10, , 2
2020/1/4, 14, 9, 17, 9, , 2
2020/1/5, 12, , 21, 9, , 3
2020/1/6, 28, 21, 21, 15, , 4
2020/1/7, 17, 20, 23, 16, , 4
2020/1/8, 32, 14, 16, 15, , 4
2020/1/9, 25, 24, 16, 16, , 5
2020/1/10, 34, 21, 18, 18, , 5
2020/1/11, 36, 23, 18, 13, , 5
2020/1/12, 38, 14, 12, 8, , 3
2020/1/13, 30, 12, 14, 9, , 2
2020/1/14, 21, 17, 16, 10, , 2
2020/1/15, 31, , 32, 17, , 6
2020/1/16, 5, 29, 19, 25, , 8
2019/10/2, 56, 38, 67, 19, 1, 6
2019/10/3, 61, 34, 34, 6, , 7
2019/10/4, 65, 33, 52, 15, 1, 4
2019/10/5, 61, 39, 57, 16, 1, 4
2019/10/6, 78, 11, 26, , , 2
2019/10/7, 28, 8, 18, 7, , 2
2019/10/8, 11, 14, 24, 12, , 3
2019/10/9, 27, 28, 18, 12, , 3
2019/10/10, 38, 19, 31, 13, 1, 3
2019/10/11, 35, 24, 33, 18, , 5
2019/10/12, 55, 29, 65, 12, 1, 6
2019/10/13, 60, 24, 50, 12, 1, 8
2019/10/14, 51, 30, 57, 11, 1, 6
2019/10/15, 51, 19, 21, 12, , 3
2019/10/16, 31, 24, 29, 7, , 2
2019/10/20, 28, 14, 22, 5, 1, 1
2019/10/21, 20, 28, 17, 20, 1, 4
2019/10/22, 53, 26, 19, 20, 1, 5
2019/10/23, 61, 23, 36, 11, , 2
2019/10/24, 43, 22, 27, 16, , 4
2019/10/25, 46, 42, 34, 29, 1, 6
2019/10/26, 88, 27, 41, 12, 1, 3
2019/10/27, 59, 22, 44, 12, 1, 3
2019/10/28, 50, 24, 37, 20, 1, 4
2019/10/29, 41, 34, 34, 31, 1, 6
2019/10/30, 53, 29, 70, 19, 1, 4
2019/10/31, 57, 23, 26, 17, 1, 4
2019/11/1, 57, 22, 31, 12, , 3
2019/11/2, 54, 23, 35, 9, , 4
2019/11/3, 41, 28, 43, 12, , 6
2019/11/4, 59, 27, 40, 15, 1, 4
2019/11/5, 42, 22, 32, 21, , 5
2019/11/6, 36, 16, 22, 11, , 3
2019/11/7, 29, 20, 13, 17, , 4
2019/11/8, 38, 19, 4, 18, 1, 4
2019/11/9, 51, 15, , 7, , 3
2019/11/10, 46, 17, 18, 14, , 4
2019/11/11, 35, 14, 21, 13, , 3
2019/11/12, 31, 11, 15, 8, , 1
2019/11/13, 17, 21, 24, 15, 1, 3
2019/11/14, 38, 19, 19, 19, , 5
2019/11/15, 41, 11, 16, 12, , 3
2019/11/16, 30, 17, 24, 11, 2, 3
2019/11/17, 37, 16, 41, 5, 2, 1
2019/11/18, 37, 16, 20, 11, 1, 2
2019/11/19, 40, 16, 15, 14, 1, 3
2019/11/20, 43, 13, 31, 8, 1, 2
2019/11/21, 31, 29, 51, 15, 1, 4
2019/11/22, 44, 28, 10, 25, , 6
2019/11/23, 45, 18, 25, 10, , 3
2019/11/24, 33, 16, 19, 4, , 1
2019/11/25, 33, 25, 30, 5, 1, 3
2019/11/26, 36, 32, 28, 19, 1, 3
2019/11/27, 54, 33, 18, 23, , 6
2019/11/28, 55, 22, 13, 16, , 3
2019/11/29, 19, 31, 36, 12, 1, 2
2019/11/30, 51, 28, 47, 16, , 4
2019/12/1, 60, 17, 30, 9, , 3
2019/12/2, 38, 13, 18, 10, , 2
2019/12/3, 23, 24, 13, 12, 1, 2
2019/12/4, 42, 35, 28, 23, 1, 6
2019/12/5, 62, 27, 17, 21, , 7
2019/12/6, 45, 15, 21, 17, , 4
2019/12/7, 34, 26, 41, 11, 1, 2
2019/12/8, 38, 22, 48, 12, 1, 3
2019/12/9, 43, 29, 22, 24, , 5
2019/12/10, 54, 27, 8, 27, , 8
2019/12/11, 49, 31, 23, 32, , 8
2019/12/12, 59, 22, , 28, , 7
2019/12/13, 36, 25, 18, 12, , 5
2019/12/14, 48, 17, 28, 10, , 3
2019/12/15, 39, 16, 25, 10, , 4
2019/12/16, 29, 25, 25, 17, , 6
2019/12/17, 39, 18, 27, 19, , 4
2019/12/18, 29, 16, 29, 18, , 4
2019/12/19, 32, , 41, 14, , 3
2019/12/20, 21, 43, , 19, , 3
2019/12/21, 46, 18, , 12, , 3
2019/12/22, 30, 9, , 7, , 3
2019/12/23, 13, 23, , 14, , 4
2019/12/24, 25, 12, , 9, , 2
2019/12/25, 29, 16, , 5, , 2
2019/12/26, 39, 20, , 11, , 3
2019/12/27, 42, 23, , 9, , 2
2019/12/28, 53, 24, 51, 7, , 3
2019/12/29, 50, 15, 39, 6, , 2
2019/12/30, 51, , , , , 
2019/7/2, 66, 46, 20, 30, 1, 10
2019/7/3, 88, 50, 20, 29, 2, 7
2019/7/4, 82, 13, 4, 14, , 6
2019/7/5, 47, 10, 8, 17, , 4
2019/7/6, 23, 14, 16, 13, , 3
2019/7/7, 40, 16, 20, 9, , 3
2019/7/8, 49, 18, 15, 17, 1, 3
2019/7/9, 48, 24, 22, 17, 1, 4
2019/7/10, 68, 38, 13, 29, 1, 11
2019/7/11, 90, 47, 19, 37, 1, 14
2019/7/12, 107, 54, 18, 42, 1, 17
2019/7/13, 118, 53, , 33, 1, 13
2019/7/14, 113, 50, , 24, 1, 12
2019/7/15, 116, 29, , 21, 1, 7
2019/7/16, 90, 14, 12, 15, , 3
2019/7/17, 44, 19, 12, 13, 1, 2
2019/7/18, 42, 17, 17, 15, 1, 2
2019/7/19, 41, 25, 15, 21, , 5
2019/7/20, 62, 36, 22, 22, , 8
2019/7/21, 75, 30, 21, 16, , 8
2019/7/22, 87, 27, 17, 22, 1, 8
2019/7/23, 55, 41, 18, 32, 1, 13
2019/7/24, 87, 48, 21, 38, 1, 13
2019/7/25, 106, 43, 26, 31, 2, 10
2019/7/26, 97, 31, 21, 23, 1, 6
2019/7/27, 78, 52, 34, 25, 1, 10
2019/7/28, 62, 27, 30, 6, , 2
2019/7/29, 44, 29, 26, 16, 1, 3
2019/7/30, 59, 34, 17, 24, 1, 5
2019/7/31, 66, 23, 19, 29, 1, 7
2019/8/1, 57, 39, 20, 33, 1, 11
2019/8/2, 76, 48, 23, 25, 1, 13
2019/8/3, 85, 11, 17, 4, , 2
2019/8/4, 19, 15, 19, 2, , 1
2019/8/5, 25, 13, 17, 12, , 2
2019/8/6, 23, 24, 17, 20, 1, 4
2019/8/7, 48, 30, 12, 22, 1, 10
2019/8/8, 57, 34, 22, 26, 1, 12
2019/8/9, 66, 44, 23, 32, 2, 15
2019/8/10, 99, 54, , 28, 1, 23
2019/8/11, 88, 25, 31, 9, , 5
2019/8/12, 72, 36, 24, 27, 1, 9
2019/8/13, 60, 38, 12, 27, 1, 11
2019/8/14, 85, 11, 19, 9, , 2
2019/8/15, 11, 17, 21, 13, 1, 2
2019/8/16, 35, 29, 18, 27, 1, 6
2019/8/17, 58, 39, 28, 25, 1, 8
2019/8/18, 70, 36, 34, 20, , 7
2019/8/19, 68, 13, 23, 12, , 2
2019/8/20, 29, 6, 12, 13, , 2
2019/8/21, 14, 11, 15, 13, , 2
2019/8/22, 25, 10, 17, 11, , 2
2019/8/23, 22, 16, 16, 14, , 3
2019/8/24, 24, 11, 21, 8, , 2
2019/8/25, 24, 13, 24, 5, , 1
2019/8/26, 24, 21, 26, 14, 1, 5
2019/8/27, 46, 34, 27, 18, 1, 3
2019/8/28, 64, 32, 28, 14, 1, 2
2019/8/29, 55, 36, 32, 24, 1, 5
2019/8/30, 68, 51, 28, 36, 1, 13
2019/8/31, 92, 52, 35, 26, 2, 15
2019/9/1, 88, 17, 17, 13, , 5
2019/9/2, 43, 12, 11, 15, 1, 4
2019/9/3, 30, 28, 4, 24, , 8
2019/9/4, 68, 15, 9, 13, , 4
2019/9/5, 40, 9, 14, 10, , 3
2019/9/6, 13, 17, 13, 12, , 4
2019/9/7, 23, 14, 29, 13, , 5
2019/9/8, 47, , 46, 13, 1, 7
2019/9/9, 57, 29, 28, 20, 1, 7
2019/9/10, 62, 38, 33, 28, 2, 12
2019/9/11, 81, 50, 48, 30, 3, 18
2019/9/12, 102, 50, 33, 25, 2, 13
2019/9/13, 102, 14, 27, 6, , 3
2019/9/14, 37, 13, 24, 4, , 3
2019/9/15, 31, 31, 51, 6, 1, 4
2019/9/16, 68, 38, 48, 14, 1, 7
2019/9/17, 76, 54, 52, 19, 1, 11
2019/9/18, 109, 45, 37, 12, 1, 9
2019/9/19, 86, 38, 34, 7, 1, 5
2019/9/20, 79, 40, 23, 8, , 6
2019/9/21, 95, 4, 14, 2, , 2
2019/9/22, 13, 3, 17, 1, , 1
2019/9/23, 7, 14, 19, 2, , 2
2019/9/24, 23, 23, 22, 4, 1, 3
2019/9/25, 49, 21, 14, 4, , 3
2019/9/26, 53, 19, 10, 5, , 4
2019/9/27, 49, 14, 15, 3, , 4
2019/9/28, 33, 15, 17, 1, , 2
2019/9/29, 33, 16, 35, 1, 1, 2
2019/9/30, 39, 25, 31, 2, 1, 3
2019/10/1, 52, 30, 45, 19, 1, 3
2019/4/2, 45, 25, 35, 16, 1, 3
2019/4/3, 47, 36, 48, 28, 1, 6
2019/4/4, 69, 51, 38, 40, 2, 9
2019/4/5, 79, 51, 26, 32, 1, 9
2019/4/6, 83, 23, 26, 19, , 5
2019/4/7, 41, 12, 13, 12, , 5
2019/4/8, 33, 9, 5, 16, , 5
2019/4/9, 13, 7, 5, 17, , 3
2019/4/10, 15, 7, 12, 12, , 3
2019/4/11, 62, 21, 27, 17, , 4
2019/4/12, 82, 23, 27, 19, , 6
2019/4/13, 80, 29, 47, 15, , 11
2019/4/14, 77, 14, 12, 13, , 2
2019/4/15, 40, 18, 22, 18, , 5
2019/4/16, 49, 16, 15, 17, , 6
2019/4/17, 37, 14, 14, 13, 1, 7
2019/4/18, 36, 12, 16, 9, , 6
2019/4/19, 35, 19, 47, 14, , 
2019/4/20, 47, 24, 32, 21, 1, 
2019/4/21, 59, 28, 26, 16, , 5
2019/4/22, 77, 34, 43, 18, 2, 5
2019/4/23, 96, 21, 28, 11, 1, 4
2019/4/24, 57, 24, 22, 20, 1, 5
2019/4/25, 64, 28, 31, 10, , 4
2019/4/26, 71, 32, 26, , 1, 5
2019/4/27, 79, 27, 27, , , 7
2019/4/28, 72, 20, 25, , 1, 4
2019/4/29, 48, 10, 10, , , 4
2019/4/30, 35, 19, 23, , , 4
2019/5/1, 59, 21, 31, 17, , 5
2019/5/2, 66, 38, 21, 29, 1, 11
2019/5/3, 99, 38, 21, 33, 1, 11
2019/5/4, 93, 34, 37, 27, 1, 10
2019/5/5, 105, 26, 30, 17, 1, 7
2019/5/6, 79, 30, 19, 22, , 9
2019/5/7, 70, 13, 12, 14, , 4
2019/5/8, 47, 9, 12, 10, , 2
2019/5/9, 34, 16, 15, 15, 1, 3
2019/5/10, 43, 29, 17, 24, , 8
2019/5/11, 64, 32, 19, 20, , 9
2019/5/12, 75, 26, 20, 13, , 6
2019/5/13, 61, 20, 25, 17, , 4
2019/5/14, 49, 19, 15, 16, , 5
2019/5/15, 63, 7, 13, 11, , 2
2019/5/16, 17, 5, 10, 12, , 2
2019/5/19, 37, 14, 17, 10, , 5
2019/5/20, 31, 21, 10, 20, , 6
2019/5/21, 49, 33, 19, 28, 1, 8
2019/5/22, 63, 33, 20, 35, 1, 13
2019/5/23, 68, 46, 19, 36, 1, 10
2019/5/24, 72, 29, 14, 18, 1, 5
2019/5/25, 53, 10, 12, 10, , 2
2019/5/26, 15, 20, 23, 9, 1, 2
2019/5/27, 31, 29, 15, 27, 1, 8
2019/5/28, 47, 45, 16, 30, 1, 10
2019/5/29, 67, 20, 11, 20, , 5
2019/5/30, 42, 29, 12, 20, 1, 7
2019/5/31, 44, 39, 17, 22, 1, 8
2019/6/1, 60, 22, 8, 20, , 8
2019/6/2, 33, 16, 4, 14, , 8
2019/6/3, 29, 21, 3, 18, , 7
2019/6/4, 27, 14, 16, 12, , 2
2019/6/5, 13, 9, 13, 13, , 3
2019/6/6, 14, 15, 14, 16, 1, 4
2019/6/7, 59, 29, 15, 26, 1, 10
2019/6/8, 73, 39, 19, 26, 1, 13
2019/6/9, 104, 41, 27, 17, 2, 14
2019/6/10, 110, 32, 21, 24, 1, 6
2019/6/11, 67, 40, 15, 31, 1, 10
2019/6/12, 101, 45, 12, 34, 1, 15
2019/6/13, 101, 53, 11, 38, 1, 21
2019/6/14, 110, 35, 13, 31, 2, 11
2019/6/15, 78, 37, 17, 28, 2, 10
2019/6/16, 84, 39, 27, 23, 1, 12
2019/6/17, 108, 32, 25, 21, 2, 6
2019/6/18, 79, 33, 16, 28, 1, 9
2019/6/19, 77, 40, 14, 32, 1, 12
2019/6/20, 97, 45, 9, 23, 1, 17
2019/6/21, 109, 18, 16, 12, 1, 2
2019/6/22, 46, 31, 23, 15, 1, 4
2019/6/23, 66, 39, 26, 17, 1, 8
2019/6/24, 92, 37, 20, 25, 1, 7
2019/6/25, 66, 36, 15, 26, 1, 7
2019/6/26, 67, 46, 18, 27, 1, 9
2019/6/27, 88, 27, 8, 15, 1, 5
2019/6/28, 65, 32, 22, 23, , 5
2019/6/29, 72, 41, 20, 25, 1, 10
2019/6/30, 84, 36, 24, 17, 1, 9
2019/7/1, 76, 32, 19, 25, 1, 9
2019/1/5, 31, 11, 16, 15, , 5
2019/1/6, 53, 11, 14, 10, , 4
2019/1/9, 59, 25, 30, 24, 1, 5
2019/1/10, 47, 26, 12, 26, , 3
2019/1/11, 71, 30, 40, 17, , 3
2019/1/12, 53, 23, 43, 25, , 5
2019/1/15, 61, 25, 31, 22, 1, 5
2019/1/16, 58, 28, 35, 19, , 4
2019/1/17, 57, 26, 31, 24, , 5
2019/1/18, 48, 18, 35, 24, , 5
2019/1/19, 49, 20, 35, 21, , 6
2019/1/20, 48, 20, 38, 14, , 4
2019/1/21, 36, 11, 37, 9, , 3
2019/1/22, 50, 17, 29, 14, , 4
2019/1/23, 63, 27, 56, 16, 1, 5
2019/1/24, 58, 25, 47, , , 4
2019/1/25, 58, 27, 43, , 1, 4
2019/1/26, 42, 15, 21, 11, , 2
2019/1/27, 49, 19, 36, 18, , 6
2019/1/28, 36, 13, 22, 12, , 3
2019/1/29, 58, 24, 29, 19, 1, 6
2019/1/30, 68, 29, 32, 32, 1, 8
2019/1/31, 91, 44, 34, 33, 1, 11
2019/2/1, 58, 34, 63, , 1, 3
2019/2/2, 86, 40, 54, 31, 3, 8
2019/2/3, 75, 34, 62, 20, 1, 4
2019/2/4, 39, 17, 31, 6, , 2
2019/2/5, 18, 7, 13, 9, , 2
2019/2/6, 28, 13, 12, 10, , 2
2019/2/7, 41, 9, 8, 15, , 5
2019/2/8, 30, 16, 33, 16, 1, 3
2019/2/9, 7, 27, 33, 21, , 6
2019/2/10, 7, 24, 59, 15, 1, 3
2019/2/12, 65, 23, 28, 18, 1, 4
2019/2/13, 46, 19, 17, 17, , 4
2019/2/14, 38, 14, 15, 9, , 2
2019/2/15, 38, 16, 13, 10, 1, 2
2019/2/16, 56, 24, 6, 20, , 8
2019/2/17, 30, 7, 8, 14, , 5
2019/2/18, 38, 9, 11, 11, , 5
2019/2/19, 58, 24, 20, 17, 1, 6
2019/2/20, 48, 21, 21, 17, 1, 5
2019/2/21, 45, 18, 21, 16, , 4
2019/2/22, 51, 14, 13, 21, , 6
2019/2/23, 63, 20, 10, 22, , 8
2019/2/24, 64, 17, 9, 20, , 13
2019/2/25, 60, 12, 23, 13, , 10
2019/2/26, 54, 12, 20, 16, 1, 4
2019/2/27, 35, 6, 10, 22, , 6
2019/2/28, 38, 9, 18, 18, , 5
2019/3/6, 38, 8, 30, 12, 1, 23
2019/3/7, 39, 13, 21, 22, , 13
2019/3/8, 41, 18, 15, 22, , 10
2019/3/9, 34, 18, 20, 20, 1, 6
2019/3/10, 54, 31, 25, 26, , 11
2019/3/11, 20, 8, 15, 9, , 2
2019/3/12, 17, 8, 10, 11, , 2
2019/3/13, 38, 12, 30, 18, 1, 3
2019/3/14, 34, 18, 23, 18, , 4
2019/3/15, 28, 16, 14, 20, , 5
2019/3/16, 31, 14, 16, 19, , 5
2019/3/17, 29, 13, 23, 11, 1, 2
2019/3/18, 23, 11, 25, 11, 1, 4
2019/3/19, 39, 17, 18, 20, 1, 6
2019/3/20, 31, 17, 17, 22, 1, 5
2019/3/21, 24, 12, 14, 1, 7, 3
2019/3/22, 13, 7, 8, 13, 7, 2
2019/3/23, 15, 11, 11, 10, 5, 2
2019/3/24, 37, 17, 35, 11, , 2
2019/3/25, 55, 21, 39, 11, , 3
2019/3/26, 59, 24, 36, 23, , 4
2019/3/27, 59, 34, 37, 22, , 5
2019/3/28, 44, 27, 32, 13, 1, 3
2019/3/29, 20, 13, 11, 11, , 2
2019/3/30, 22, 12, 13, 9, , 2
2019/3/31, 29, 18, 32, 9, 1, 2
2019/4/1, 45, 18, 39, 9, , 2
2018/10/2, 59, 36, 39, 29, , 9
2018/10/3, 85, 31, 31, 29, 1, 6
2018/10/4, 73, 11, 14, 17, 2, 3
2018/10/5, 36, 7, 14, 12, 1, 2
2018/10/6, 23, 15, 17, 10, 1, 2
2018/10/7, 31, 17, 12, 13, 1, 3
2018/10/8, 53, 19, 4, 25, , 7
2018/10/9, 52, 18, 1, 28, , 6
2018/10/10, 43, 17, 17, 23, , 6
2018/10/11, 48, 7, 8, 16, , 3
2018/10/12, 24, 11, , 10, , 3
2018/10/13, 39, 27, 1, 19, , 6
2018/10/14, 65, 6, 9, 10, 1, 3
2018/10/15, 24, 11, 5, 17, , 4
2018/10/16, 44, , , , , 
2018/10/18, 60, 17, 43, 27, , 6
2018/10/19, 46, 8, 21, 18, , 3
2018/10/20, 35, 15, 28, 7, 1, 2
2018/10/21, 31, 12, 24, 6, 1, 1
2018/10/22, 34, 22, 40, 15, 1, 2
2018/10/23, 52, 27, 39, 21, 1, 3
2018/10/24, 70, 12, 21, 18, , 3
2018/10/25, 40, 19, 18, 26, , 5
2018/10/26, 55, 26, 19, 29, 1, 6
2018/10/27, 77, 13, 19, 13, , 4
2018/10/28, 37, 9, 17, 6, , 2
2018/10/29, 19, 15, 15, 14, , 2
2018/10/30, 41, 26, 35, 26, 2, 3
2018/10/31, 67, 25, 18, 30, , 5
2018/11/1, 64, 20, 19, 26, 1, 5
2018/11/2, 56, 23, 37, 11, 1, 2
2018/11/3, 73, 16, 26, 16, , 3
2018/11/4, 50, 6, 15, 12, , 4
2018/11/5, 23, 14, 15, 12, , 2
2018/11/6, 40, 16, 12, 16, 1, 3
2018/11/7, 47, 12, 12, 14, 1, 2
2018/11/8, 40, 6, 12, 12, , 2
2018/11/9, 16, 12, 16, 14, , 3
2018/11/10, 33, 18, 13, 15, , 3
2018/11/11, 41, 19, 26, 15, , 4
2018/11/12, 65, 23, 32, 18, , 3
2018/11/13, 65, 24, 25, 15, 1, 4
2018/11/14, 61, 27, 21, 23, 1, 5
2018/11/15, 64, 18, 16, 10, 1, 4
2018/11/16, 49, 16, 21, 5, , 1
2018/11/17, 43, 21, 28, 9, 1, 2
2018/11/18, 51, 20, 22, 7, , 3
2018/11/19, 48, 4, 13, 6, , 2
2018/11/20, 23, 12, 13, 5, 1, 1
2018/11/21, 36, 15, 12, 7, , 2
2018/11/22, 47, 21, 24, 8, 1, 4
2018/11/23, 54, 19, 21, , , 6
2018/11/24, 50, 10, 17, , , 4
2018/11/25, 27, 8, 15, , , 2
2018/11/26, 32, 14, 20, 12, 1, 2
2018/11/27, 37, 21, 24, 14, 1, 2
2018/11/28, 47, 20, 32, 16, 1, 3
2018/11/29, 56, 20, 26, 26, , 5
2018/11/30, 53, 26, 27, 24, 1, 7
2018/12/1, 65, 10, 15, 17, , 4
2018/12/2, 31, 10, 23, 22, , 5
2018/12/3, 31, 12, 16, , 1, 2
2018/12/4, 36, 19, 27, , 1, 4
2018/12/5, 50, 29, 25, , 1, 6
2018/12/6, 67, 26, 36, , 1, 3
2018/12/7, 63, 14, 20, , 1, 2
2018/12/8, 38, 8, 13, 5, 1, 1
2018/12/9, 22, 15, 32, 8, 3, 2
2018/12/10, 34, 25, 35, 17, 2, 3
2018/12/11, 50, 37, 35, 24, 2, 5
2018/12/12, 66, 31, 36, 22, 1, 4
2018/12/13, 59, 35, 34, 30, 1, 5
2018/12/14, 73, 37, 43, 24, 1, 4
2018/12/15, 79, 36, 41, 22, 1, 5
2018/12/16, 72, 36, 69, 11, 1, 4
2018/12/17, 39, 40, 51, 21, , 5
2018/12/22, 55, 19, 34, 21, , 4
2018/12/23, 90, 16, 26, 9, , 4
2018/12/24, 41, 15, 23, 9, , 3
2018/12/25, 46, 14, 18, 4, 1, 2
2018/12/26, 40, 18, 39, 9, 2, 2
2018/12/27, 44, 21, 38, 10, 1, 3
2018/12/28, 46, 17, 25, 14, , 3
2018/12/29, 56, 25, 54, 15, 1, 4
2018/12/30, 65, 18, 34, 9, , 3
2018/12/31, 55, , , , , 
2018/7/2, 105, 59, 14, 36, , 18
2018/7/3, 110, 42, , 25, , 12
2018/7/4, 87, 24, 13, 11, , 7
2018/7/5, 53, 48, 15, 40, , 16
2018/7/6, 102, 60, 2, 42, , 19
2018/7/7, 127, 45, 3, 20, , 9
2018/7/8, 103, 53, 23, 22, , 12
2018/7/9, 111, 32, 26, 15, , 8
2018/7/10, 67, 9, 10, 12, , 6
2018/7/11, 20, 13, 17, 16, , 6
2018/7/12, 23, 25, 20, 22, , 7
2018/7/13, 49, 38, 19, 33, , 11
2018/7/14, 78, 56, 26, 41, , 19
2018/7/15, 115, 54, 23, 29, , 22
2018/7/16, 115, 54, 21, 44, , 22
2018/7/17, 114, 53, 6, 41, , 16
2018/7/18, 104, 52, 18, 39, , 19
2018/7/19, 108, 60, 25, 42, , 20
2018/7/20, 108, 57, 23, 41, , 18
2018/7/21, 109, 49, 19, 27, , 14
2018/7/22, 97, 12, 11, 9, , 7
2018/7/23, 36, 37, , 31, , 12
2018/7/24, 74, 35, , 28, , 14
2018/7/25, 76, 23, , 21, , 10
2018/7/26, 56, 30, , 26, , 11
2018/7/27, 69, 45, 18, 43, , 18
2018/7/28, 94, 52, , 42, , 23
2018/7/29, 105, 60, , 36, , 36
2018/7/30, 113, 46, , 31, , 
2018/7/31, 100, 12, , 21, , 
2018/8/1, 35, 8, , 15, , 
2018/8/2, 21, 12, 4, 19, , 3
2018/8/3, 37, 17, 2, 24, , 8
2018/8/4, 51, 18, 10, 22, , 5
2018/8/5, 45, 14, 9, 15, , 5
2018/8/6, 45, 22, 2, 29, , 6
2018/8/7, 60, 17, 11, 18, , 3
2018/8/8, 48, 22, 14, 26, , 7
2018/8/9, 57, 13, 16, 17, , 4
2018/8/10, 32, 15, 10, 14, , 3
2018/8/11, 30, 19, 19, 17, , 2
2018/8/12, 39, 11, 21, 8, , 1
2018/8/13, 28, 17, 21, 15, , 5
2018/8/14, 39, 24, 20, 28, , 4
2018/8/15, 59, 21, 13, 22, , 4
2018/8/16, 49, 13, 17, 15, , 2
2018/8/17, 30, 8, 15, 16, , 2
2018/8/18, 23, 14, 18, 14, 1, 3
2018/8/19, 44, 23, 25, 16, 1, 4
2018/8/20, 62, 30, 25, 30, 2, 6
2018/8/21, 65, 36, 20, 26, 2, 5
2018/8/22, 68, 36, 21, 29, 1, 5
2018/8/23, 74, 50, 28, 46, 2, 9
2018/8/24, 103, 51, 23, 39, 2, 10
2018/8/25, 96, 20, 16, 17, , 4
2018/8/26, 41, 5, 15, 8, , 1
2018/8/27, 18, 10, 15, 12, , 2
2018/8/28, 30, 22, 18, 21, 1, 2
2018/8/29, 50, 29, 26, 25, 1, 5
2018/8/30, 64, 30, 19, 31, 1, 6
2018/8/31, 60, 54, 8, 47, 1, 6
2018/9/1, 101, 53, , 52, 1, 8
2018/9/2, 101, 36, , 9, 2, 2
2018/9/3, 81, 23, , 18, , 5
2018/9/4, 50, 10, , 17, , 3
2018/9/5, 21, 13, 11, 14, , 2
2018/9/6, 22, 22, , 18, 1, 3
2018/9/7, 40, 24, , 14, 1, 3
2018/9/8, 56, 33, , 18, 2, 3
2018/9/9, 74, 33, , 11, 2, 2
2018/9/10, 76, 27, 19, 14, 1, 2
2018/9/11, 60, 22, , 8, 1, 3
2018/9/12, 51, 18, , 5, , 3
2018/9/13, 39, 31, , , 1, 3
2018/9/14, 63, 29, 7, 11, , 8
2018/9/15, 70, 21, , , , 4
2018/9/16, 52, 6, , , , 1
2018/9/17, 18, 14, , , , 6
2018/9/18, 38, 19, , , 1, 6
2018/9/19, 47, 20, 8, 17, 2, 6
2018/9/20, 49, 19, 7, , , 6
2018/9/21, 47, 17, 27, 27, , 5
2018/9/22, 60, 26, 44, 25, 1, 4
2018/9/23, 74, 17, 39, 15, 1, 3
2018/9/24, 57, 37, 39, 36, 2, 5
2018/9/25, 87, 27, 25, 16, 1, 3
2018/9/26, 78, 28, 22, 24, 1, 5
2018/9/27, 80, 27, 19, 33, , 7
2018/9/28, 79, 15, 17, 21, 1, 4
2018/9/29, 57, 12, 22, 12, , 3
2018/9/30, 43, 21, 29, 18, , 5
2018/10/1, 62, 24, 17, 29, 1, 9
2018/4/2, 38, 15, 8, 15, , 3
2018/4/3, 34, 14, 6, 19, , 3
2018/4/4, 42, 18, 29, 18, , 2
2018/4/5, 44, 20, 28, 18, , 2
2018/4/6, 55, 20, 26, 17, , 1
2018/4/7, 52, 19, 31, 14, , 2
2018/4/8, 54, 19, 5, 10, , 1
2018/4/9, 52, 18, 7, 12, , 2
2018/4/10, 47, 21, 28, 19, , 2
2018/4/11, 52, 27, 24, 18, , 2
2018/4/12, 61, 29, 19, 26, , 3
2018/4/13, 63, 33, 38, 26, , 5
2018/4/14, 71, 16, 19, 11, , 1
2018/4/15, 40, 7, 9, 8, , 1
2018/4/16, 24, 10, 8, 7, , 
2018/4/17, 23, 12, 10, 12, , 1
2018/4/18, 27, 20, 16, 19, , 2
2018/4/19, 42, 29, 19, 28, , 7
2018/4/20, 63, 32, 13, 27, , 9
2018/4/21, 64, 34, 37, 18, , 8
2018/4/22, 72, 23, 25, 12, , 2
2018/4/23, 58, 30, 25, 21, , 3
2018/4/24, 71, 33, 22, 23, , 4
2018/4/25, 75, 32, 4, 22, , 2
2018/4/26, 70, 32, , 24, , 5
2018/4/27, 74, 31, 23, 22, , 3
2018/4/28, 66, 30, 40, 19, , 4
2018/4/29, 76, 30, 22, 19, , 5
2018/4/30, 87, 36, 18, 27, , 7
2018/5/1, 72, 36, 20, 18, , 10
2018/5/2, 83, 26, 18, 19, , 4
2018/5/3, 63, 26, 3, 24, , 3
2018/5/4, 62, 41, 18, 33, , 6
2018/5/5, 78, , , , , 
2018/5/8, 49, 12, 6, 13, , 2
2018/5/9, 29, 22, 7, 10, , 1
2018/5/10, 33, 27, 14, 27, , 13
2018/5/11, 52, 47, , 28, , 13
2018/5/12, 85, 31, 10, 17, , 
2018/5/13, 52, 16, 20, 11, , 
2018/5/14, 37, 22, 14, 16, , 
2018/5/15, 50, 30, 4, 21, , 4
2018/5/16, 62, 32, 11, 21, , 4
2018/5/17, 65, 17, 10, 13, , 
2018/5/18, 41, 28, 12, 22, , 3
2018/5/19, 58, 15, 8, 11, , 1
2018/5/20, 32, 8, 8, 9, , 
2018/5/21, 22, 26, 5, 26, , 
2018/5/22, 58, 43, 16, 39, , 3
2018/5/23, 88, 41, 11, 35, , 7
2018/5/24, 89, 23, , , , 
2018/5/25, 60, 24, 18, 15, , 
2018/5/26, 60, 23, 22, 11, , 4
2018/5/27, 63, 24, 23, 9, , 3
2018/5/28, 66, 23, 19, 13, , 4
2018/5/29, 56, 23, 18, 14, , 3
2018/5/30, 52, 25, 15, 20, , 5
2018/5/31, 58, 38, 15, 22, , 11
2018/6/1, 87, 44, 17, 25, , 10
2018/6/2, 93, 51, 15, 26, , 9
2018/6/3, 92, 13, 10, 7, , 3
2018/6/4, 38, 12, 13, 13, , 3
2018/6/5, 30, 29, 4, 22, , 7
2018/6/6, 63, 36, 7, 18, , 7
2018/6/7, 73, 34, 4, 23, , 8
2018/6/8, 72, 20, 3, 10, , 4
2018/6/9, 47, 28, 3, 14, , 3
2018/6/10, 68, 28, 6, 20, , 9
2018/6/11, 69, 39, , 25, , 17
2018/6/12, 83, 42, 8, 27, , 9
2018/6/13, 76, 21, 3, 19, , 7
2018/6/14, 50, 5, 6, 13, , 3
2018/6/15, 16, 10, 6, 15, , 4
2018/6/16, 27, 5, 8, 11, , 3
2018/6/17, 17, 8, 10, 10, , 4
2018/6/18, 26, 13, 9, 14, , 4
2018/6/19, 33, 22, 10, 17, , 5
2018/6/20, 45, 27, 10, 25, , 8
2018/6/21, 58, 46, 8, 32, , 16
2018/6/22, 93, 42, 9, , , 14
2018/6/23, 86, 53, 11, , , 17
2018/6/24, 100, 44, 18, , , 14
2018/6/25, 88, 37, 15, 33, , 13
2018/6/26, 54, 48, 13, 37, , 16
2018/6/27, 92, 55, 20, 32, , 18
2018/6/28, 110, 50, 14, 36, , 12
2018/6/29, 98, 43, 17, 33, , 13
2018/6/30, 80, 44, 19, 34, , 15
2018/7/1, 109, 51, 26, 26, , 5
2018/1/2, 48, 9, 15, 9, , 3
2018/1/3, 27, 7, 9, 6, , 2
2018/1/4, 22, 16, 27, 2, , 1
2018/1/5, 35, 21, 37, 14, , 2
2018/1/6, 44, 17, 22, 14, , 3
2018/1/7, 47, 12, 19, 9, , 2
2018/1/8, 32, 10, 17, 16, , 3
2018/1/9, 28, 20, 17, 20, , 4
2018/1/10, 54, 22, 28, 18, , 3
2018/1/11, 55, 21, 18, 17, , 3
2018/1/12, 53, 18, 19, 17, , 4
2018/1/13, 37, 12, 17, 13, , 3
2018/1/14, 28, 9, 22, 9, , 3
2018/1/15, 26, , 19, 15, , 3
2018/1/16, 30, , 21, 18, , 4
2018/1/17, 35, , 36, 29, , 6
2018/1/18, 66, , 23, 23, , 6
2018/1/19, 69, , 21, 18, , 4
2018/1/20, 41, , 42, 18, , 4
2018/1/21, 57, , 30, 18, , 5
2018/1/22, 48, 2, 32, 13, , 4
2018/1/23, 55, , 29, 25, , 5
2018/1/24, 55, , 26, 23, , 5
2018/1/25, 48, 2, 31, 10, , 3
2018/1/26, 43, , 17, 9, , 1
2018/1/27, 33, , 17, 7, , 1
2018/1/28, 39, , 22, 8, , 2
2018/1/29, 33, , 15, 20, , 5
2018/1/30, 57, , 6, 16, , 2
2018/1/31, 24, , 14, 11, , 2
2018/2/1, 25, , 19, 9, , 1
2018/2/2, 26, , 31, 13, , 2
2018/2/3, 37, 2, 12, 8, , 1
2018/2/4, 25, , 25, 7, , 1
2018/2/5, 35, , 17, 10, , 2
2018/2/6, 31, , 11, 15, , 2
2018/2/7, 28, , 17, 15, , 3
2018/2/8, 40, , 35, 29, , 6
2018/2/9, 72, , 39, 25, , 4
2018/2/10, 65, , 9, 22, , 5
2018/2/11, 55, , 23, 13, , 4
2018/2/12, 45, , 23, 12, , 3
2018/2/13, 37, , 14, 5, , 1
2018/2/14, 12, , 10, 10, , 1
2018/2/15, 17, 2, 11, 11, , 2
2018/2/16, 23, , 12, 12, , 2
2018/2/17, 28, , 23, 10, , 1
2018/2/18, 31, , 14, 11, , 3
2018/2/19, 31, , 17, 22, , 5
2018/2/20, 45, , 13, 17, , 4
2018/2/21, 35, , 14, 15, , 3
2018/2/22, 34, , 22, 20, , 4
2018/2/23, 52, , 23, 10, , 1
2018/2/24, 36, , 35, 9, , 1
2018/2/25, 36, , 30, 8, , 
2018/2/26, 39, , 19, 20, , 4
2018/2/27, 47, , 13, 19, , 5
2018/2/28, 44, , 33, 18, , 4
2018/3/1, 66, , 34, 20, , 4
2018/3/2, 66, , 20, 23, , 5
2018/3/3, 64, , 20, 14, , 3
2018/3/4, 35, , 26, 11, , 4
2018/3/5, 52, , 20, 19, , 6
2018/3/6, 56, , 24, 21, , 5
2018/3/7, 67, , 16, 17, , 4
2018/3/8, 52, , 13, 12, , 2
2018/3/9, 25, , 10, 9, , 1
2018/3/10, 38, , 27, 15, , 3
2018/3/11, 54, , 39, 13, , 3
2018/3/12, 58, , 20, 23, , 7
2018/3/13, 61, , 21, 19, , 3
2018/3/14, 47, , 25, 21, , 5
2018/3/15, 56, , 22, 22, , 5
2018/3/16, 34, 18, 27, 17, , 3
2018/3/17, 44, 21, 35, 12, , 2
2018/3/18, 53, 20, 32, 12, , 3
2018/3/19, 54, 34, 18, 27, , 7
2018/3/20, 74, 22, 7, 38, , 6
2018/3/21, 58, 14, , , , 
2018/3/22, 28, 13, , , , 
2018/3/23, 38, 19, 27, , , 2
2018/3/24, 54, 22, 16, 17, , 2
2018/3/25, 57, 16, 21, 14, , 2
2018/3/26, 44, 20, 6, 20, , 3
2018/3/27, 47, 17, 2, 13, , 1
2018/3/28, 44, 23, 16, 31, , 6
2018/3/29, 55, 30, 20, 27, , 4
2018/3/30, 69, 19, 25, 18, , 2
2018/3/31, 52, 19, 19, 17, , 3
2018/4/1, 46, 13, 19, 11, , 2
2017/10/20, 75, 20, 31, 25, , 6
2017/10/21, 36, , 33, 15, , 3
2017/10/22, 69, , 22, 28, , 7
2017/10/23, 62, , 17, 16, , 6
2017/10/24, 27, , 12, 12, , 2
2017/10/25, 42, , 12, 13, , 2
2017/10/26, 66, , 39, 17, , 3
2017/10/27, 35, , 20, 23, , 5
2017/10/28, 60, , 12, 27, , 8
2017/10/29, 34, , 27, 12, , 4
2017/10/30, 57, , 24, 5, , 4
2017/10/31, 60, , 8, 20, , 6
2017/11/1, 33, , 15, 15, , 3
2017/11/2, 31, , 19, 11, , 1
2017/11/3, 30, , 14, 4, , 1
2017/11/5, 48, , 31, 10, , 3
2017/11/6, 15, , 18, 6, , 2
2017/11/7, 31, , 17, 11, , 2
2017/11/8, 29, , 20, 10, , 2
2017/11/9, 44, , 23, 15, , 3
2017/11/10, 71, , 18, 21, , 4
2017/11/11, 194, , , 23, , 5
2017/11/14, 33, , 27, 14, , 1
2017/11/15, 45, , 30, 19, , 3
2017/11/18, 52, , 21, 25, , 5
2017/11/22, 47, , 22, 21, , 5
2017/11/23, 68, , , 32, , 10
2017/11/24, 14, , 15, 11, , 1
2017/11/25, 48, , 32, 20, , 5
2017/11/26, 105, , 36, 23, , 7
2017/11/27, 61, , 24, 12, , 9
2017/11/28, 22, , 19, 17, , 6
2017/11/29, 18, , 17, 11, , 1
2017/12/2, 37, , 22, 13, , 2
2017/12/3, 17, , 21, 8, , 1
2017/12/4, 27, , 31, 7, , 1
2017/12/5, 39, , 37, 14, , 3
2017/12/7, 22, , 24, 14, , 2
2017/12/8, 56, 25, 14, 20, , 4
2017/12/12, 78, 28, 23, 15, , 5
2017/12/15, 70, 39, 42, 19, , 3
2017/12/16, 110, 40, 25, 25, , 7
2017/12/17, 101, 48, 40, 28, , 8
2017/12/18, 77, 30, , 23, , 8
2017/12/19, 39, 18, 24, 16, , 3
2017/12/20, 55, 26, 38, 12, , 2
2017/12/21, 59, 22, 26, 18, , 3
2017/12/22, 55, 20, 5, 28, , 6
2017/12/23, 41, 20, 8, 18, , 5
2017/12/24, 27, 12, 24, 10, , 3
2017/12/25, 26, 8, 21, 7, , 2
2017/12/26, 43, 14, 14, 7, , 3
2017/12/27, 31, 8, 29, 13, , 2
2017/12/28, 35, 10, 18, 12, , 2
2017/12/29, 44, 14, 16, , , 2
2017/12/30, 36, 15, 14, , , 3
2017/12/31, 23, 7, 19, , , 2
2018/1/1, 30, 3, 11, 5, , 2
2017/7/2, 56, 12, 16, 6, , 1
2017/7/3, 20, 10, 17, 11, , 2
2017/7/4, 21, 12, 12, 14, , 2
2017/7/5, 27, 21, 14, 23, , 4
2017/7/6, 47, 28, 12, 23, , 4
2017/7/7, 59, 26, 13, 21, , 4
2017/7/8, 58, 22, 19, 17, , 3
2017/7/9, 52, 22, 20, 14, , 4
2017/7/10, 55, 32, 9, 25, , 7
2017/7/11, 68, 45, 20, 32, , 12
2017/7/12, 97, 41, 19, 23, , 8
2017/7/13, 88, 37, 18, 23, , 4
2017/7/14, 78, 41, 15, 28, , 8
2017/7/15, 83, 37, 16, 19, , 12
2017/7/16, 85, 30, 11, 17, , 5
2017/7/17, 54, 40, 17, 22, , 6
2017/7/18, 72, , 13, 11, , 2
2017/7/19, 25, , 14, 15, , 3
2017/7/20, 43, , 12, 21, , 4
2017/8/1, 92, , 12, 30, , 9
2017/8/2, 151, , 14, 31, , 10
2017/4/2, 22, 13, 16, 7, , 1
2017/4/3, 34, 18, 19, 9, , 1
2017/4/4, 42, 26, 24, 21, , 3
2017/4/5, 56, 42, 22, 28, , 7
2017/4/6, 79, 30, 5, 23, , 7
2017/4/7, 63, 10, 4, 17, , 3
2017/4/8, 29, 13, 21, 11, , 2
2017/4/9, 43, 11, 20, 7, , 1
2017/4/10, 34, 26, 30, 21, , 4
2017/4/11, 60, 24, 19, 20, , 4
2017/4/12, 59, 11, 10, 12, , 2
2017/4/13, 26, 10, 9, 11, , 1
2017/4/14, 20, 16, 20, 8, , 2
2017/4/15, 41, 19, 35, 14, , 2
2017/4/16, 53, 24, 27, 15, , 4
2017/4/17, 61, 11, 10, 12, , 2
2017/4/18, 27, 14, 13, 10, , 1
2017/4/19, 27, 13, 15, 13, , 2
2017/4/20, 29, 27, 23, 21, , 4
2017/4/21, 58, 24, 17, 14, , 3
2017/4/22, 54, 10, 10, 10, , 2
2017/4/23, 24, 10, 12, 7, , 1
2017/4/24, 23, 20, 19, 16, , 3
2017/4/25, 39, 22, 15, 18, , 4
2017/4/26, 50, 20, 7, 17, , 5
2017/4/27, 46, 14, 4, 13, , 2
2017/4/28, 32, 14, 14, 7, , 1
2017/4/29, 31, 11, 13, 8, , 1
2017/4/30, 32, 10, 17, 7, , 1
2017/5/1, 29, 14, 23, 7, , 1
2017/5/2, 40, 30, 13, 21, , 4
2017/5/3, 66, 35, 22, 26, , 5
2017/5/4, 75, 38, 11, 27, , 7
2017/5/5, 81, 23, 2, 23, , 8
2017/5/6, 57, 14, 13, 16, , 4
2017/5/7, 35, 10, 13, 7, , 1
2017/5/8, 32, 26, 13, 21, , 4
2017/5/9, 61, 33, 14, 27, , 7
2017/5/10, 73, 19, 10, 18, , 3
2017/5/11, 44, 14, 13, 13, , 3
2017/5/12, 36, 20, 16, 19, , 4
2017/5/13, 44, 33, 21, 21, , 7
2017/5/14, 66, 22, 17, 9, , 3
2017/5/15, 43, 13, 13, 14, , 2
2017/5/16, 29, 17, 18, 15, , 2
2017/5/17, 37, 17, 11, 14, , 2
2017/5/18, 36, 21, 8, 16, , 3
2017/5/19, 50, 13, 6, 16, , 1
2017/5/20, 42, 22, , 13, , 5
2017/5/21, 59, 14, 2, 13, , 6
2017/5/22, 43, 10, 7, 14, , 3
2017/5/23, 26, 17, 20, 16, , 2
2017/5/24, 38, 33, 6, 25, , 8
2017/5/25, 71, 45, 11, 28, , 15
2017/5/26, 98, 43, 14, 28, , 16
2017/5/27, 96, 39, 27, 19, , 12
2017/5/28, 98, 27, 16, 15, , 4
2017/5/29, 74, 29, 11, 24, , 9
2017/5/30, 66, 23, 7, 19, , 7
2017/5/31, 55, 23, 17, 22, , 5
2017/6/1, 52, 26, 6, 18, , 6
2017/6/2, 52, 16, 11, 17, , 3
2017/6/3, 33, 23, 18, 17, , 3
2017/6/4, 51, 31, 18, 18, , 6
2017/6/5, 71, 22, 1, 21, , 8
2017/6/6, 56, 23, 1, 22, , 10
2017/6/7, 61, 33, 11, 22, , 12
2017/6/8, 71, 37, 13, 20, , 9
2017/6/9, 73, 25, 7, 17, , 5
2017/6/10, 47, 15, 12, 17, , 4
2017/6/11, 35, 34, 24, 22, , 8
2017/6/12, 82, 47, 3, 35, , 14
2017/6/13, 106, 44, , 28, , 15
2017/6/14, 105, 20, 8, 19, , 5
2017/6/15, 51, 16, 16, 11, , 2
2017/6/16, 46, 23, 16, 19, , 6
2017/6/17, 53, 42, 17, 22, , 16
2017/6/18, 96, 35, 16, 18, , 12
2017/6/19, 83, 40, 11, 22, , 12
2017/6/20, 85, 5, 9, 12, , 2
2017/6/21, 13, 8, 12, 14, , 2
2017/6/22, 25, 17, 14, 17, , 3
2017/6/23, 45, 23, 14, 19, , 3
2017/6/24, 53, 22, 19, 15, , 
2017/6/25, 55, 16, 25, 10, , 
2017/6/26, 42, 26, 16, 20, , 
2017/6/27, 53, 27, 10, 25, , 
2017/6/28, 56, 34, 10, 28, , 
2017/6/29, 69, 40, 11, 30, , 
2017/6/30, 84, 50, 13, 30, , 6
2017/7/1, 98, 25, 12, 15, , 6
2017/1/4, 54, 18, 41, 16, , 6
2017/1/5, 44, 19, 29, 20, , 3
2017/1/6, 44, 16, 24, 19, , 3
2017/1/7, 40, 16, 19, 17, , 3
2017/1/8, 41, 16, 32, 4, , 3
2017/1/9, 48, , 27, 5, , 3
2017/1/12, 46, 11, 27, 19, , 3
2017/1/13, 33, 13, 14, 3, , 2
2017/1/14, 30, 17, 24, 12, , 2
2017/1/15, 48, 17, 48, 12, , 2
2017/1/16, 50, 11, 31, 10, , 3
2017/1/17, 30, 9, 16, , , 4
2017/1/18, 25, 13, 14, 18, , 3
2017/1/19, 40, 13, 12, 19, , 5
2017/1/20, 32, 15, 8, 17, , 5
2017/1/21, 45, 14, 11, 24, , 6
2017/1/22, 42, 11, 13, 21, , 4
2017/1/23, 32, 18, 15, 18, , 4
2017/1/24, 43, 20, 15, 20, , 5
2017/1/25, 49, 11, 21, 19, , 5
2017/1/26, 29, 17, 22, 11, , 2
2017/1/27, 43, 18, 7, 18, , 5
2017/1/28, 47, 16, 5, 20, , 5
2017/1/29, 44, 19, 34, 11, , 2
2017/1/30, 50, 22, 37, 8, , 2
2017/1/31, 52, 21, 25, 14, , 3
2017/2/1, 51, 20, 20, 15, , 2
2017/2/2, 51, 20, 11, 24, , 5
2017/2/3, 48, 16, 14, 20, , 5
2017/2/4, 36, 16, 16, 19, , 5
2017/2/5, 45, 17, 13, 17, , 5
2017/2/6, 43, 20, 25, 10, , 4
2017/2/7, 51, 19, 23, 18, , 4
2017/2/8, 47, 19, 23, 16, , 4
2017/2/9, 45, 16, 24, 10, , 2
2017/2/10, 36, 20, 26, 10, , 1
2017/2/11, 44, 18, 29, 13, , 2
2017/2/12, 46, 19, 23, 12, , 2
2017/2/13, 44, 16, 21, 12, , 3
2017/2/14, 42, , 7, 13, , 3
2017/2/15, 5, 24, 31, 18, , 
2017/2/16, 48, 30, 37, 18, , 2
2017/2/17, 66, 31, 43, 23, , 4
2017/2/18, 67, 34, 36, 24, , 5
2017/2/19, 74, 28, 43, 25, , 6
2017/2/20, 62, 31, 41, 18, , 6
2017/2/21, 69, 29, 43, 17, , 3
2017/2/22, 66, 26, 36, 16, , 1
2017/2/23, 55, 32, 24, 20, , 
2017/2/24, 62, 24, 13, , , 
2017/2/25, 54, 14, 25, 22, , 
2017/2/26, 34, 15, 15, 16, , 
2017/2/27, 41, 17, 26, 13, , 
2017/2/28, 48, 18, 25, 12, , 
2017/3/1, 47, 21, 28, 12, , 
2017/3/2, 46, 14, 24, 18, , 
2017/3/3, 34, 22, 14, 15, , 
2017/3/4, 43, 14, 14, 17, , 6
2017/3/5, 39, 10, 18, 14, , 4
2017/3/6, 23, 22, 13, 7, , 3
2017/3/7, 56, 19, 4, 21, , 7
2017/3/8, 48, 14, 24, 19, , 4
2017/3/9, 35, 22, 16, 15, , 6
2017/3/10, 50, 32, 23, 19, , 4
2017/3/11, 68, 28, 28, 22, , 7
2017/3/12, 66, 20, 46, 15, , 4
2017/3/13, 51, 12, 28, 12, , 3
2017/3/14, 32, 12, 19, 12, , 2
2017/3/15, 32, 20, 13, 13, , 2
2017/3/16, 51, 30, 25, 18, , 3
2017/3/17, 59, 32, 21, 24, , 6
2017/3/18, 71, 9, 12, 23, , 7
2017/3/19, 25, 6, 13, 9, , 1
2017/3/20, 23, 9, 8, 8, , 1
2017/3/21, 24, 12, 15, 9, , 1
2017/3/22, 29, 14, 16, 11, , 2
2017/3/23, 34, 21, 21, 12, , 2
2017/3/24, 45, 29, 22, 16, , 2
2017/3/25, 62, 26, 28, 21, , 4
2017/3/26, 58, 15, 19, 18, , 5
2017/3/27, 42, 16, 18, 9, , 2
2017/3/28, 39, 13, 21, 14, , 2
2017/3/29, 30, 12, 17, 10, , 1
2017/3/30, 25, 10, 16, 10, , 1
2017/3/31, 23, 11, 16, 11, , 2
2017/4/1, 24, 11, 11, 11, , 1
2015/10/2, 61, 28, 29, 19, , 12
2015/10/3, 68, 18, 21, 17, , 14
2015/10/4, 69, 13, 14, 6, , 10
2015/10/5, 34, 8, 13, 7, , 9
2015/10/6, 23, 20, 12, 9, , 10
2015/10/7, 60, 29, , 20, , 13
2015/10/8, 68, 41, 8, 25, , 15
2015/10/9, 75, 31, 33, 25, , 14
2015/10/10, 79, 15, 26, 15, , 14
2015/10/11, 43, , 36, 10, , 14
2015/7/2, 56, 26, 8, 19, , 6
2015/7/3, 53, 21, 2, 19, , 9
2015/7/4, 59, 16, 6, 14, , 5
2015/7/5, 44, 13, 13, 9, , 3
2015/7/6, 40, 23, 8, 17, , 5
2015/7/7, 48, 26, 1, 20, , 9
2015/7/8, 66, 30, 5, 16, , 9
2015/7/9, 66, 12, 14, 8, , 3
2015/7/10, 27, 25, 11, 19, , 10
2015/7/11, 67, 19, 6, 17, , 8
2015/7/12, 53, 24, 15, 15, , 12
2015/7/13, 71, 30, 11, 21, , 12
2015/7/14, 66, 30, 15, 24, , 10
2015/7/15, 60, 45, 17, 34, , 13
2015/7/16, 101, 35, 17, 24, , 6
2015/7/17, 78, 41, 4, 29, , 12
2015/7/18, 81, 43, 19, 25, , 13
2015/7/19, 102, 25, 18, 17, , 8
2015/7/20, 66, 33, 12, 21, , 11
2015/7/21, 66, 26, 9, 15, , 4
2015/7/22, 53, 14, 12, 13, , 3
2015/7/23, 37, 20, 10, 17, , 5
2015/7/24, 50, 27, 16, 18, , 5
2015/7/25, 34, 14, 3, 19, , 6
2015/7/26, 56, 13, 18, 13, , 4
2015/7/27, 44, 28, 14, 25, , 10
2015/7/28, 64, 39, 19, 33, , 10
2015/7/29, 92, 54, 29, 39, , 15
2015/7/30, 119, 44, 18, 36, , 12
2015/7/31, 112, 47, 17, 35, , 13
2015/8/1, 98, 52, 30, 34, , 19
2015/8/2, 114, 40, 22, 24, , 16
2015/8/3, 99, 43, 14, 27, , 15
2015/8/4, 83, 52, 26, 31, , 13
2015/8/5, 111, 43, 17, , , 9
2015/8/6, 72, 48, 18, , , 11
2015/8/7, 93, 56, 19, , , 14
2015/8/8, 104, 47, 33, , , 12
2015/8/9, 107, 33, 28, , , 6
2015/8/10, 86, 31, 16, 50, , 5
2015/8/11, 63, 36, 20, 33, , 6
2015/8/12, 71, 46, 24, 35, , 10
2015/8/13, 96, 47, 23, 33, , 10
2015/8/14, 90, 49, 20, 32, , 11
2015/8/15, 102, 42, 21, 24, , 10
2015/8/16, 81, 24, 31, 14, , 3
2015/8/17, 63, 38, 19, 24, , 7
2015/8/18, 75, 47, 11, 25, , 8
2015/8/19, 68, 41, 23, 19, , 6
2015/8/20, 77, 16, 14, 11, , 3
2015/8/21, 38, 18, 18, 11, , 2
2015/8/22, 44, 23, 26, 19, , 5
2015/8/23, 63, 41, 36, 18, , 9
2015/8/24, 92, 11, 10, 15, , 4
2015/8/25, 34, 19, 7, 18, , 7
2015/8/26, 48, 32, 18, 22, , 7
2015/8/27, 70, 22, 6, 21, , 6
2015/8/28, 58, 26, 15, 31, , 9
2015/8/29, 64, 23, 33, 20, , 5
2015/8/30, 55, 33, 35, 22, , 12
2015/8/31, 77, 48, 24, 35, , 17
2015/9/1, 99, 46, 21, 24, , 13
2015/9/2, 107, 18, 49, 11, , 7
2015/9/3, 45, 27, 22, 14, , 4
2015/9/4, 61, 18, 1, , , 2
2015/9/5, 53, 9, 9, , , 1
2015/9/6, 40, 11, 12, , , 7
2015/9/7, 61, 19, 16, , , 5
2015/9/8, 56, 15, 8, , , 8
2015/9/9, 46, 18, 15, , , 6
2015/9/10, 33, 25, 13, , , 6
2015/9/11, 71, 12, 17, , , 5
2015/9/12, 39, 10, 13, , , 2
2015/9/13, 36, 8, 16, , , 2
2015/9/14, 31, 15, 20, , , 3
2015/9/15, 43, 21, 24, , , 8
2015/9/16, 55, 43, 25, 41, , 14
2015/9/17, 73, 46, 34, 43, , 18
2015/9/18, 82, 54, 34, 37, , 23
2015/9/19, 107, 37, 38, 27, , 14
2015/9/20, 79, 25, 74, 12, , 11
2015/9/21, 61, 32, 39, 25, , 13
2015/9/22, 64, 49, 49, 29, , 17
2015/9/23, 109, 44, 42, 35, , 16
2015/9/24, 114, 61, 43, 45, , 21
2015/9/25, 127, 62, 22, 45, , 24
2015/9/26, 139, 19, 22, 20, , 14
2015/9/27, 61, 13, 36, 11, , 12
2015/9/28, 51, 22, 24, 20, , 13
2015/9/29, 54, 25, 22, 19, , 13
2015/9/30, 70, 26, 19, 18, , 12
2015/10/1, 64, 21, 26, 12, , 10
2015/4/2, 66, 26, 28, 12, , 3
2015/4/3, 50, 16, 31, 8, , 2
2015/4/4, 63, 21, 31, 10, , 2
2015/4/5, 60, 19, 18, 11, , 5
2015/4/6, 64, 12, 12, 10, , 3
2015/4/7, 50, 15, 10, 10, , 2
2015/4/8, 48, 19, 13, 13, , 3
2015/4/9, 60, 27, 25, 17, , 3
2015/4/10, 73, 23, 20, 16, , 3
2015/4/11, 55, 22, 29, 14, , 3
2015/4/12, 50, 32, 38, 16, , 6
2015/4/13, 90, 32, 28, 15, , 2
2015/4/14, 72, 27, 25, 18, , 3
2015/4/15, 64, 29, 15, 24, , 5
2015/4/16, 75, 23, 10, 18, , 6
2015/4/17, 74, 32, 23, 16, , 3
2015/4/18, 63, 24, 21, 18, , 3
2015/4/19, 55, 28, 35, 17, , 4
2015/4/20, 69, 23, 21, 20, , 6
2015/4/21, 66, 18, 14, 14, , 5
2015/4/22, 59, 10, 8, 13, , 6
2015/4/23, 27, 11, 10, 15, , 4
2015/4/24, 62, 18, 14, 16, , 4
2015/4/25, 63, 14, 13, 9, , 1
2015/4/26, 56, 7, 18, 7, , 2
2015/4/27, 53, 16, 20, 13, , 1
2015/4/28, 52, 18, 18, 18, , 1
2015/4/29, 57, 18, 13, 13, , 3
2015/4/30, 44, 11, 12, 12, , 3
2015/5/1, 38, 16, 23, 10, , 3
2015/5/2, 49, 18, 22, 16, , 3
2015/5/3, 67, , , , , 
2015/5/6, 48, 17, 11, 15, , 5
2015/5/7, 38, 22, 12, 16, , 6
2015/5/8, 60, 12, 15, 12, , 3
2015/5/9, 39, 21, 22, 18, , 5
2015/5/10, 56, 24, 9, 19, , 9
2015/5/11, 74, 15, 4, 18, , 6
2015/5/12, 66, 14, 8, 16, , 5
2015/5/13, 53, 11, 9, 14, , 4
2015/5/14, 29, 14, 8, 15, , 4
2015/5/15, 40, 23, 11, 20, , 5
2015/5/16, 53, 21, 20, 17, , 5
2015/5/17, 53, 18, 14, 13, , 4
2015/5/18, 58, 26, 9, 20, , 6
2015/5/19, 67, 24, 6, 19, , 6
2015/5/20, 53, 26, 13, 20, , 5
2015/5/21, 58, 25, 12, 22, , 6
2015/5/22, 58, 24, 4, 24, , 6
2015/5/23, 70, 31, 15, 21, , 8
2015/5/24, 62, 21, 20, 15, , 6
2015/5/25, 46, 38, 14, 27, , 11
2015/5/26, 70, 25, 19, 21, , 6
2015/5/27, 62, 33, 17, 24, , 7
2015/5/28, 56, 27, 3, 21, , 6
2015/5/29, 53, 21, 7, 17, , 6
2015/5/30, 37, 28, 11, 19, , 9
2015/5/31, 63, 10, 3, 15, , 6
2015/6/1, 47, 13, 4, 13, , 5
2015/6/2, 28, 18, 7, 14, , 4
2015/6/3, 42, 23, 10, 20, , 7
2015/6/4, 51, 25, 21, 18, , 6
2015/6/5, 61, 41, 10, 23, , 13
2015/6/6, 98, 38, 13, 19, , 14
2015/6/7, 88, 26, 10, 16, , 12
2015/6/8, 65, 41, 11, 28, , 18
2015/6/9, 87, 51, 12, 34, , 18
2015/6/10, 109, 51, 10, 34, , 17
2015/6/11, 107, 40, 17, 30, , 9
2015/6/12, 81, 16, 5, 19, , 6
2015/6/13, 48, 28, 22, 18, , 8
2015/6/14, 44, 31, 21, 13, , 10
2015/6/15, 70, 17, 5, 17, , 6
2015/6/16, 47, 18, 10, 13, , 4
2015/6/17, 42, 26, 6, 21, , 11
2015/6/18, 63, 39, 13, 19, , 14
2015/6/19, 99, 11, 11, 12, , 3
2015/6/20, 21, 9, 16, 9, , 3
2015/6/21, 24, 18, 14, 15, , 6
2015/6/22, 50, 37, 10, 23, , 13
2015/6/23, 81, 31, 11, 20, , 9
2015/6/24, 83, 12, 13, 10, , 3
2015/6/25, 28, 10, 13, 11, , 3
2015/6/26, 27, 13, 14, 13, , 4
2015/6/27, 36, 17, 15, 17, , 5
2015/6/28, 43, 22, 16, 16, , 6
2015/6/29, 63, 41, 9, 23, , 14
2015/6/30, 98, 33, 12, 22, , 10
2015/7/1, 79, 22, 4, 20, , 6
2015/1/2, 55, 13, 22, 12, , 7
2015/1/3, 30, 11, 29, 9, , 8
2015/1/4, 37, 10, 23, 10, , 9
2015/1/5, 29, 17, 24, 15, , 7
2015/1/6, 44, 20, 34, 17, , 6
2015/1/7, 42, 21, 32, 23, , 7
2015/1/8, 52, 22, 34, 27, , 8
2015/1/9, 51, 34, 39, 27, , 10
2015/1/10, 69, 31, 21, 23, , 9
2015/1/11, 85, 19, 30, 13, , 6
2015/1/12, 36, 26, 40, 32, , 10
2015/1/13, 59, 32, 59, 34, , 9
2015/1/14, 71, 27, 43, 27, , 7
2015/1/15, 69, 27, 64, 21, , 6
2015/1/16, 57, 33, 40, 18, , 6
2015/1/17, 77, 39, 44, 20, , 9
2015/1/18, 90, 30, 46, 11, , 5
2015/1/19, 71, 33, 48, 19, , 5
2015/1/20, 77, 37, 45, 26, , 7
2015/1/21, 79, 25, 34, 17, , 5
2015/1/22, 47, 12, 10, 11, , 3
2015/1/23, 21, 11, 12, 11, , 4
2015/1/24, 27, 14, 21, 13, , 5
2015/1/25, 39, 12, 32, 12, , 4
2015/1/26, 33, 14, 25, 20, , 6
2015/1/27, 42, 19, 21, 22, , 6
2015/1/28, 42, 20, 23, 24, , 7
2015/1/29, 49, 16, 17, 17, , 5
2015/1/30, 37, 10, 7, 12, , 5
2015/1/31, 28, 7, 9, 9, , 4
2015/2/1, 15, 12, 18, 7, , 4
2015/2/2, 25, 14, 12, 16, , 6
2015/2/3, 29, 24, 39, 19, , 6
2015/2/4, 57, 24, 12, 25, , 7
2015/2/5, 65, 13, 6, 19, , 7
2015/2/6, 36, 16, 6, 20, , 7
2015/2/7, 32, 20, 25, 15, , 6
2015/2/8, 41, 19, 35, 11, , 4
2015/2/9, 52, 21, 31, 18, , 6
2015/2/10, 46, 18, 10, 19, , 7
2015/2/11, 50, 29, 14, 18, , 6
2015/2/12, 36, 28, 22, 24, , 8
2015/2/13, 55, 39, 18, 28, , 9
2015/2/14, 67, 27, 33, 16, , 5
2015/2/15, 53, 17, 17, 12, , 6
2015/2/16, 27, 16, 18, 13, , 4
2015/2/17, 35, 15, 17, 13, , 5
2015/2/18, 37, 13, 10, 15, , 5
2015/2/19, 22, 14, 14, 14, , 5
2015/2/20, 22, 20, 15, 18, , 6
2015/2/21, 33, 28, 35, 15, , 6
2015/2/22, 60, 32, 34, 7, , 4
2015/2/23, 56, 34, 30, 19, , 5
2015/2/24, 59, 29, 22, 22, , 6
2015/2/25, 48, 25, 13, 27, , 8
2015/2/26, 59, 25, 21, 23, , 7
2015/2/27, 48, 33, 23, 27, , 9
2015/2/28, 65, 18, 14, 11, , 3
2015/3/1, 23, 23, 15, 6, , 2
2015/3/2, 35, 26, 32, 12, , 4
2015/3/3, 39, 27, 35, 16, , 4
2015/3/4, 59, 29, 34, 19, , 5
2015/3/5, 65, 32, 29, 26, , 7
2015/3/6, 76, 33, 24, 28, , 8
2015/3/7, 86, 32, 11, 20, , 6
2015/3/8, 60, 13, 11, 16, , 6
2015/3/9, 46, 14, 6, 19, , 7
2015/3/10, 31, 16, 10, 17, , 7
2015/3/11, 38, 18, 10, 17, , 8
2015/3/12, 46, 26, 8, 22, , 10
2015/3/13, 62, 20, 10, 22, , 8
2015/3/14, 54, 25, 18, 22, , 9
2015/3/15, 68, 17, 13, 19, , 7
2015/3/16, 59, 21, 16, 21, , 7
2015/3/17, 56, 21, 18, 21, , 5
2015/3/20, 123, 22, 15, 22, , 7
2015/3/21, 49, 17, 8, 18, , 5
2015/3/22, 55, 9, 12, 9, , 3
2015/3/23, 44, 15, 14, 10, , 2
2015/3/24, 53, 14, 18, 12, , 2
2015/3/25, 50, 20, 21, 14, , 3
2015/3/26, 65, 28, 17, 23, , 5
2015/3/27, 65, 35, 60, 28, , 7
2015/3/28, 71, 34, 16, 22, , 4
2015/3/29, 73, 20, , 12, , 3
2015/3/30, 61, 16, 1, 15, , 5
2015/3/31, 55, 18, 11, 16, , 5
2015/4/1, 52, 22, 45, 18, , 4
2014/10/2, 57, 10, 20, 23, , 7
2014/10/3, 19, 14, 16, 10, , 3
2014/10/4, 23, 9, 16, 9, , 2
2014/10/5, 15, 11, 20, 6, , 2
2014/10/6, 24, 22, 20, 6, , 2
2014/10/7, 39, 35, 21, 29, , 7
2014/10/8, 72, 49, 43, 25, , 10
2014/10/9, 99, 48, 37, 34, , 9
2014/10/10, 94, 49, 35, 36, , 9
2014/10/11, 89, 61, 69, 33, , 15
2014/10/12, 126, 52, 50, 24, , 9
2014/10/13, 113, 62, 51, 37, , 10
2014/10/14, 148, 48, 59, 36, , 9
2014/10/15, 101, 40, 31, 13, , 5
2014/10/16, 93, 41, 74, 24, , 7
2014/10/17, 90, 37, 40, 20, , 6
2014/10/18, 88, 28, 26, 22, , 6
2014/10/19, 65, 51, 25, 21, , 13
2014/10/20, 127, 12, 19, 9, , 12
2014/10/21, 31, 19, 14, 5, , 3
2014/10/22, 31, 16, 10, 5, , 3
2014/10/23, 33, 20, 23, 12, , 4
2014/10/24, 50, 37, 21, 17, , 6
2014/10/25, 79, 35, 18, 17, , 7
2014/10/26, 85, 12, 17, 9, , 7
2014/10/27, 68, 21, 33, 7, , 4
2014/10/28, 46, 21, 39, 9, , 4
2014/10/29, 46, 28, 27, 20, , 5
2014/10/30, 64, 44, 18, 31, , 9
2014/10/31, 85, 33, 36, 23, , 6
2014/11/1, 65, 21, 12, 22, , 6
2014/11/2, 57, 26, 32, 11, , 6
2014/11/3, 68, 35, 18, 21, , 6
2014/11/4, 79, 20, 4, 26, , 10
2014/11/5, 54, 7, 5, 15, , 5
2014/11/6, 22, 15, 26, 13, , 4
2014/11/7, 33, 19, 13, 20, , 6
2014/11/8, 48, 8, 17, 15, , 5
2014/11/9, 21, 13, 26, 4, , 3
2014/11/10, 35, , 31, 8, , 3
2014/11/11, 34, , 37, 16, , 3
2014/11/12, 49, , 20, 28, , 6
2014/11/13, 61, , 18, 25, , 7
2014/11/14, 66, , 15, 11, , 3
2014/11/15, 25, , 23, 7, , 3
2014/11/16, 38, , 27, 4, , 2
2014/11/17, 28, , 25, 12, , 3
2014/11/18, 44, 22, 35, 13, , 3
2014/11/19, 41, 34, 43, 22, , 5
2014/11/20, 59, 36, 31, 21, , 5
2014/11/21, 68, 44, 39, 25, , 7
2014/11/22, 81, 34, 16, 26, , 9
2014/11/23, 84, 19, 21, 13, , 7
2014/11/24, 47, 23, 23, 12, , 7
2014/11/25, 49, 23, 24, 19, , 8
2014/11/26, 54, 15, 8, 19, , 10
2014/11/27, 43, 9, 11, 12, , 7
2014/11/28, 25, 14, 22, 10, , 4
2014/11/29, 31, 12, 14, 6, , 4
2014/11/30, 24, 18, 32, 8, , 5
2014/12/1, 38, 26, 20, 18, , 8
2014/12/2, 64, 24, 19, 21, , 8
2014/12/3, 52, 22, 21, 18, , 6
2014/12/4, 35, 31, 8, 22, , 8
2014/12/5, 61, 18, 12, 11, , 3
2014/12/6, 21, 22, 30, 10, , 5
2014/12/7, 36, 24, 43, 12, , 6
2014/12/8, 43, 45, 29, 24, , 10
2014/12/9, 60, 38, 10, 26, , 14
2014/12/10, 66, 19, 9, 20, , 12
2014/12/11, 55, 17, 13, 19, , 12
2014/12/12, 40, 23, 12, 23, , 13
2014/12/13, 58, 10, 9, 13, , 10
2014/12/14, 26, 9, 13, 9, , 8
2014/12/15, 26, 19, 22, 9, , 3
2014/12/16, 45, 24, 27, 12, , 3
2014/12/17, 46, 25, 32, 19, , 5
2014/12/18, 57, 32, 49, 23, , 7
2014/12/19, 57, 29, 27, 24, , 9
2014/12/20, 79, 13, 22, 15, , 9
2014/12/21, 28, 9, 20, 7, , 7
2014/12/22, 23, 11, 9, 11, , 9
2014/12/23, 20, 13, 7, 13, , 4
2014/12/24, 19, 8, 14, 8, , 5
2014/12/25, 14, 13, 27, 10, , 7
2014/12/26, 35, 25, 46, 14, , 8
2014/12/27, 64, 30, 44, 18, , 10
2014/12/28, 65, 30, 35, 21, , 10
2014/12/29, 65, , , , , 
2014/7/4, 126, , 14, 46, , 22
2014/7/5, 139, , 18, 47, , 27
2014/7/6, 123, , 12, 36, , 23
2014/7/7, 69, , , 15, , 7
2014/7/8, 96, , 1, 30, , 13
2014/7/9, 34, , 6, 7, , 4
2014/7/10, 33, , 12, 5, , 4
2014/7/11, 28, , 5, 14, , 6
2014/7/12, 42, , 9, 10, , 5
2014/7/13, 35, , 11, 5, , 4
2014/7/14, 46, , 18, 4, , 5
2014/7/15, 53, , 14, 13, , 5
2014/7/16, 66, , 16, 18, , 6
2014/7/17, 81, , 11, 32, , 10
2014/7/18, 117, , 13, 32, , 18
2014/7/19, 71, , 10, 23, , 10
2014/7/20, 31, , 20, 9, , 4
2014/7/21, 48, 30, 22, 3, , 3
2014/7/22, 60, 42, 14, 18, , 5
2014/7/23, 82, 43, 14, 29, , 7
2014/7/24, 74, 33, 15, 28, , 7
2014/7/25, 62, 20, 8, 19, , 6
2014/7/26, 40, 24, 7, 16, , 6
2014/7/27, 61, 5, 3, 19, , 6
2014/7/28, 18, 9, 10, 8, , 3
2014/7/29, 27, 13, 13, 13, , 3
2014/7/30, 28, 23, 15, 11, , 4
2014/7/31, 50, 36, 17, 21, , 5
2014/8/1, 81, 52, 15, 38, , 9
2014/8/2, 110, 39, 17, 39, , 19
2014/8/3, 90, 41, 25, 31, , 11
2014/8/4, 90, 54, 27, 27, , 15
2014/8/5, 113, 19, 20, 32, , 16
2014/8/6, 44, 31, 19, 13, , 3
2014/8/7, 50, 48, 20, 23, , 6
2014/8/8, 94, 25, 19, 36, , 14
2014/8/9, 68, 12, 11, 24, , 11
2014/8/10, 29, 23, 10, 15, , 4
2014/8/11, 44, 54, 29, 19, , 8
2014/8/12, 108, 74, 23, 36, , 21
2014/8/13, 137, 30, 21, 45, , 23
2014/8/14, 92, 13, 10, 25, , 12
2014/8/15, 20, 21, 16, 14, , 3
2014/8/16, 41, 22, 13, 18, , 4
2014/8/17, 52, 17, 9, 18, , 5
2014/8/18, 46, 27, 14, 18, , 6
2014/8/19, 61, 34, 14, 28, , 8
2014/8/20, 78, 26, 18, 21, , 6
2014/8/21, 63, 31, 25, 21, , 5
2014/8/22, 72, 56, 28, 31, , 7
2014/8/23, 121, 57, 37, 43, , 16
2014/8/24, 117, 46, 55, 36, , 17
2014/8/25, 95, 65, 37, 32, , 11
2014/8/26, 131, 63, 26, 41, , 23
2014/8/27, 136, 31, 10, 43, , 17
2014/8/28, 52, 29, 18, 24, , 5
2014/8/29, 62, 28, 14, 20, , 4
2014/8/30, 64, 29, 17, 17, , 4
2014/8/31, 71, 27, 38, 18, , 4
2014/9/1, 66, 21, 29, 13, , 4
2014/9/2, 40, 41, 20, 27, , 9
2014/9/3, 85, 14, 32, 38, , 10
2014/9/4, 36, 8, 18, 19, , 5
2014/9/5, 23, 13, 15, 12, , 3
2014/9/6, 23, 25, 19, 13, , 3
2014/9/7, 44, 32, 28, 21, , 5
2014/9/8, 70, 38, 33, 20, , 10
2014/9/9, 73, 43, 37, 24, , 6
2014/9/10, 90, 39, 26, 32, , 8
2014/9/11, 65, 52, 26, 33, , 9
2014/9/12, 114, 39, 29, 33, , 14
2014/9/13, 83, 41, 34, 17, , 5
2014/9/14, 89, 44, 50, 19, , 5
2014/9/15, 99, 56, 47, 23, , 8
2014/9/16, 116, 26, 28, 34, , 12
2014/9/17, 56, 25, 16, 21, , 5
2014/9/18, 52, 33, 21, 14, , 4
2014/9/19, 68, 27, 24, 21, , 5
2014/9/20, 69, 21, 9, 24, , 8
2014/9/21, 67, 10, 17, 22, , 7
2014/9/22, 32, 16, 16, 10, , 4
2014/9/23, 30, 27, 16, 10, , 3
2014/9/24, 51, 38, 37, 25, , 5
2014/9/25, 73, 36, 26, 26, , 7
2014/9/26, 87, 35, 18, 33, , 9
2014/9/27, 88, 14, 10, 31, , 13
2014/9/28, 36, 17, 11, 20, , 7
2014/9/29, 41, 25, 23, 8, , 4
2014/9/30, 49, 29, 13, 20, , 7
2014/10/1, 65, 25, 23, 30, , 11
2014/4/10, 62, , 19, 38, , 15
2014/4/11, 38, , 12, 21, , 7
2014/4/12, 68, , 30, 27, , 8
2014/4/13, 71, , 23, 22, , 9
2014/4/14, 30, , 16, 16, , 6
2014/4/15, 38, , 11, 13, , 5
2014/4/16, 46, , 9, 18, , 7
2014/4/17, 37, , 7, 17, , 6
2014/4/18, 55, , 24, 19, , 6
2014/4/19, 46, , 23, 20, , 7
2014/4/20, 88, , 1, 28, , 14
2014/4/21, 49, , , 16, , 
2014/4/22, 43, , , 21, , 
2014/4/23, 69, , 4, 19, , 6
2014/4/24, 59, , 11, 13, , 6
2014/4/25, 22, , 7, 10, , 3
2014/4/26, 31, , 13, 13, , 3
2014/4/27, 40, , 12, 16, , 5
2014/4/28, 35, , 17, 11, , 5
2014/4/29, 31, , 13, 13, , 5
2014/4/30, 48, , 14, 24, , 6
2014/5/1, 70, , 15, 30, , 9
2014/5/2, 65, , 15, 20, , 6
2014/5/3, 114, , 2, 10, , 1
2014/5/4, 116, , 1, , , 
2014/5/5, 108, , 2, , , 1
2014/5/6, 119, , 18, , , 17
2014/5/7, 128, , 17, 47, , 19
2014/5/8, 128, , 8, 40, , 22
2014/5/9, 107, , 13, 38, , 18
2014/5/10, 46, , 8, 20, , 6
2014/5/11, 30, , 14, 11, , 3
2014/5/12, 23, , 15, 6, , 3
2014/5/13, 45, , 15, 22, , 6
2014/5/14, 67, , 14, 33, , 10
2014/5/15, 91, , 28, 31, , 10
2014/5/16, 87, , 17, 37, , 11
2014/5/17, 114, , 11, 29, , 14
2014/5/18, 44, , 18, 13, , 5
2014/5/19, 59, , 20, 19, , 8
2014/5/20, 62, , 14, 23, , 9
2014/5/21, 82, , 17, 28, , 9
2014/5/22, 87, , 15, 34, , 15
2014/5/23, 46, , 17, 21, , 10
2014/5/24, 42, , 1, 23, , 
2014/5/25, 9, , 7, 18, , 
2014/5/26, 60, , 40, , , 
2014/5/27, 67, , 46, , , 
2014/5/28, 79, , , , , 
2014/5/29, 22, , 5, 19, , 
2014/5/30, 39, , 9, 17, , 1
2014/5/31, 36, , 11, 19, , 2
2014/6/1, 58, , 13, 23, , 6
2014/6/2, 66, , 9, 15, , 12
2014/6/3, 39, , 7, 14, , 2
2014/6/4, 52, , 17, 24, , 3
2014/6/5, 72, , 10, 30, , 9
2014/6/6, 100, , 8, 34, , 15
2014/6/7, 64, , 2, 26, , 11
2014/6/8, 93, , 10, 22, , 15
2014/6/9, 80, , 17, 16, , 15
2014/6/10, 44, , 8, 18, , 4
2014/6/11, 27, , 9, 13, , 4
2014/6/12, 29, , 12, 17, , 5
2014/6/13, 50, , 21, 16, , 5
2014/6/14, 54, , 9, 23, , 10
2014/6/15, 61, , 11, 25, , 10
2014/6/16, 75, , 22, 14, , 6
2014/6/17, 58, , 17, 23, , 8
2014/6/18, 112, , 22, 31, , 14
2014/6/19, 73, , 12, 25, , 8
2014/6/20, 20, , 13, 9, , 3
2014/6/21, 39, , 10, 16, , 5
2014/6/22, 47, , 8, 15, , 5
2014/6/23, 50, , 20, 13, , 5
2014/6/24, 75, , 11, 23, , 9
2014/6/25, 117, , 10, 33, , 20
2014/6/26, 122, , 10, 37, , 23
2014/6/27, 117, , 13, 38, , 21
2014/6/28, 133, , 15, 41, , 29
2014/6/29, 126, , 19, 31, , 25
2014/6/30, 97, , 13, 17, , 15
2014/7/1, 38, , 13, 16, , 7
2014/1/2, 43, , 24, 13, , 5
2014/1/3, 32, , 26, 16, , 5
2014/1/4, 41, , 25, 10, , 4
2014/1/5, 38, , 25, 8, , 4
2014/1/6, 41, , 42, 12, , 5
2014/1/7, 52, , 45, 16, , 5
2014/1/8, 59, , 38, 21, , 6
2014/1/9, 57, , 32, 20, , 7
2014/1/10, 47, , 27, 26, , 8
2014/1/11, 43, , 21, 24, , 12
2014/1/12, 60, , 46, 17, , 9
2014/1/13, 48, , 19, 22, , 9
2014/1/14, 53, , 27, 26, , 8
2014/1/15, 63, , 28, 24, , 7
2014/1/16, 49, , 3, 30, , 10
2014/1/17, 47, , 23, 18, , 8
2014/1/18, 58, , 35, 13, , 4
2014/1/19, 50, , 33, 9, , 3
2014/1/20, 36, , 60, 17, , 5
2014/1/21, 64, , 34, 19, , 5
2014/1/22, 49, , 32, 26, , 6
2014/1/23, 48, , 26, 28, , 10
2014/1/24, 57, , 28, 27, , 11
2014/1/25, 58, , 43, 9, , 5
2014/1/26, 38, , 46, 12, , 3
2014/1/27, 64, , 65, , , 4
2014/1/28, 77, , 44, , , 5
2014/1/29, 69, , 54, , , 5
2014/1/30, 62, , 65, 24, , 5
2014/1/31, 62, , 83, 32, , 7
2014/2/1, 77, , 75, 30, , 7
2014/2/2, 89, , 37, 15, , 6
2014/2/3, 73, , 39, 17, , 5
2014/2/4, 57, , 41, 20, , 6
2014/2/5, 58, , 37, 25, , 6
2014/2/6, 61, , 50, 25, , 8
2014/2/7, 47, , 72, 25, , 8
2014/2/8, 65, , 62, 22, , 6
2014/2/9, 62, , 44, 13, , 4
2014/2/10, 51, , 60, 22, , 8
2014/2/11, 67, , 49, 23, , 6
2014/2/12, 76, , 31, 27, , 6
2014/2/13, 62, , 43, 30, , 7
2014/2/14, 82, , 33, 27, , 7
2014/2/15, 59, , 16, 19, , 5
2014/2/16, 39, , 23, 14, , 4
2014/2/17, 32, , 21, , , 4
2014/2/18, 32, , 14, , , 3
2014/2/19, 23, , 22, , , 3
2014/2/20, 37, , 5, , , 4
2014/2/21, 37, , , , , 
2020/3/17, , 17, 27, 12, , 3
2020/3/18, , 25, 35, 15, , 3
2020/2/2, , 16, 25, 11, , 4
2020/2/3, , 16, 25, 11, , 4
2020/2/4, , 10, 9, 13, , 4
2020/2/5, , 13, 13, 14, , 4
2020/2/15, , 31, 28, 13, , 3
2020/2/16, , 26, 23, 12, , 3
2020/2/17, , 31, 32, 13, , 6
2020/1/1, , 27, 27, 8, , 4
2020/1/17, , 6, 14, 8, , 2
2020/1/18, , 18, 13, 6, , 2
2020/1/19, , 14, 18, 6, , 2
2020/1/20, , 12, 18, 8, , 3
2020/1/21, , 28, 32, 10, , 2
2020/1/22, , 16, 16, 8, , 2
2020/1/23, , 17, 7, 12, , 4
2020/1/24, , 11, 10, , , 3
2020/1/25, , 17, 23, , , 4
2020/1/26, , 20, 38, 9, , 6
2020/1/27, , 26, 46, 19, , 6
2020/1/28, , 37, 34, 25, , 6
2020/1/29, , 20, 24, 17, , 4
2020/1/30, , 5, 14, 11, , 4
2020/1/31, , 4, 12, 12, , 4
2020/2/1, , 10, 12, 10, , 4
2019/10/17, , 26, 40, , 1, 3
2019/10/18, , 35, 39, , , 6
2019/10/19, , 19, 33, 7, , 3
2019/5/17, , 10, 11, 13, , 3
2019/5/18, , 15, 6, 18, , 8
2019/1/2, , 24, 31, 5, 1, 3
2019/1/3, , 17, 22, 8, , 4
2019/1/4, , 17, 24, 12, 1, 3
2019/1/7, , 10, 23, 10, , 3
2019/1/8, , 18, 26, 18, , 5
2019/1/13, , 27, 16, 12, , 4
2019/1/14, , 23, 34, 7, , 3
2019/2/11, , 17, 37, 11, 1, 3
2019/3/4, , 9, 19, 13, , 9
2019/3/5, , 6, 22, 11, , 22
2018/10/17, , 19, 35, 25, , 6
2018/12/18, , 23, 39, 20, , 4
2018/12/19, , 26, 48, 9, , 6
2018/12/20, , 30, 44, , , 5
2018/12/21, , 31, 29, 27, , 6
2018/5/7, , 16, 9, 14, , 2
2017/10/2, , 14, 34, 12, , 4
2017/10/3, , 20, 14, 24, , 6
2017/10/4, , 16, 16, 19, , 4
2017/10/5, , 19, 24, 20, , 3
2017/10/6, , 31, 30, 26, , 6
2017/10/7, , 36, 36, 29, , 7
2017/10/8, , 14, 23, 17, , 3
2017/10/9, , 21, 24, 20, , 15
2017/10/10, , 34, 32, 24, , 10
2017/10/11, , 35, 40, 30, , 6
2017/10/12, , 38, 43, 31, , 7
2017/10/13, , 27, 44, 12, , 3
2017/10/14, , 30, 39, 20, , 4
2017/10/15, , 23, 52, 14, , 3
2017/10/16, , 6, 17, 4, , 1
2017/10/17, , 13, 19, 10, , 2
2017/10/18, , 18, 18, 16, , 3
2017/10/19, , 21, 28, 20, , 4
2017/12/9, , 28, 16, 20, , 4
2017/12/13, , 17, 12, 9, , 1
2017/12/14, , 25, 28, 12, , 2
2017/8/7, , 46, 16, 30, , 8
2017/8/8, , 45, 19, 36, , 11
2017/8/9, , 55, 22, 35, , 14
2017/8/10, , 13, 14, 17, , 3
2017/8/11, , 13, 23, 10, , 2
2017/8/12, , 32, 28, 16, , 4
2017/8/13, , 41, 28, 18, , 9
2017/8/14, , 37, 17, 19, , 4
2017/8/15, , 24, 14, 12, , 2
2017/8/16, , 28, 1, 26, , 6
2017/8/17, , 12, 6, 23, , 4
2017/8/18, , 31, 2, 27, , 8
2017/8/19, , 19, 2, 20, , 7
2017/8/20, , 12, 7, 15, , 5
2017/8/21, , 11, 16, 12, , 1
2017/8/22, , 14, 16, 13, , 3
2017/8/23, , 32, 13, 23, , 8
2017/8/24, , 29, 22, 19, , 3
2017/8/25, , 29, 18, 23, , 4
2017/8/26, , 35, 39, 24, , 6
2017/8/27, , 33, 52, 22, , 6
2017/8/28, , 39, 33, 26, , 6
2017/8/29, , 51, 29, 41, , 7
2017/8/30, , 55, 28, 45, , 13
2017/8/31, , 14, 19, 14, , 3
2017/9/1, , 13, 16, 13, , 2
2017/9/2, , 25, 32, 12, , 2
2017/9/3, , 26, 37, 15, , 3
2017/9/4, , 36, 20, 30, , 6
2017/9/5, , 52, 26, 35, , 10
2017/9/10, , 39, 17, 24, , 5
2017/9/11, , 48, 32, 30, , 7
2017/9/12, , 42, 41, 28, , 4
2017/9/13, , 52, 37, 34, , 7
2017/9/14, , 58, 29, 39, , 12
2017/9/15, , 62, 35, 36, , 13
2017/9/16, , 42, 68, 17, , 3
2017/9/17, , 39, 42, 20, , 5
2017/9/18, , 32, 43, 17, , 3
2017/9/19, , 43, 34, 23, , 4
2017/9/20, , 42, 41, 24, , 4
2017/9/21, , 47, 51, 31, , 6
2017/9/22, , 48, 33, 33, , 8
2017/9/23, , 46, 42, 22, , 8
2017/9/24, , 24, 31, 5, , 1
2017/9/25, , 35, 35, 13, , 2
2017/9/26, , 36, 37, 22, , 3
2017/9/27, , 53, 34, 39, , 6
2017/9/28, , 46, 28, 35, , 6
2017/9/29, , 19, 21, 13, , 2
2017/9/30, , 17, 22, 17, , 4
2017/10/1, , 14, 34, 12, , 4
2017/1/3, , 21, 54, 14, , 8
2017/1/11, , 17, 25, 16, , 7
2015/5/5, , 11, 11, 13, , 4
2015/1/1, , 18, 25, 9, , 7
2015/3/18, , 20, 10, 19, , 5
2015/3/19, , 15, 13, 18, , 5
2020/3/5, , , 15, 10, , 2
2020/3/6, , , 12, 10, , 2
2020/3/7, , , 26, 10, , 2
2020/3/8, , , 30, 8, , 2
2020/3/9, , , 22, 9, , 3
2020/3/10, , , 43, 13, , 2
2020/3/11, , , 40, 13, , 2
2020/3/12, , , 45, 13, , 2
2020/3/13, , , 37, 17, , 3
2020/3/14, , , 51, 9, , 2
2020/3/15, , , 26, 9, , 3
2020/3/16, , , 22, 13, , 3
2020/3/19, , , 17, 18, , 5
2020/3/20, , , 14, 11, , 3
2020/3/21, , , 18, 5, , 1
2020/3/22, , , 25, 3, , 1
2020/3/23, , , 21, 4, , 1
2017/11/16, , , 42, 16, , 3
2017/11/17, , , 29, 25, , 5
2017/11/19, , , 28, 15, , 4
2017/11/20, , , 22, 5, , 2
2017/11/21, , , 21, 7, , 1
2017/11/30, , , 27, 11, , 1
2017/12/1, , , 24, 13, , 2
2017/12/6, , , 27, 14, , 2
2017/12/10, , , 22, 11, , 2
2017/12/11, , , 38, 15, , 4
2017/7/21, , , 15, 31, , 12
2017/7/22, , , 27, 21, , 10
2017/7/23, , , 27, 12, , 4
2017/7/24, , , 16, 30, , 9
2017/7/25, , , 23, 30, , 10
2017/7/26, , , 23, 32, , 11
2017/7/27, , , 22, 24, , 5
2017/7/28, , , 18, 28, , 4
2017/7/29, , , 22, 23, , 4
2017/7/30, , , 23, 12, , 3
2017/7/31, , , 15, 27, , 7
2017/8/3, , , 12, 23, , 6
2017/8/4, , , 10, 16, , 2
2017/8/5, , , 18, 10, , 1
2017/8/6, , , 24, 8, , 1
2017/1/10, , , 36, 19, , 15
2016/10/2, , , 18, 4, , 
2016/10/3, , , 24, 18, , 
2016/10/4, , , 14, 18, , 
2016/10/5, , , 12, 11, , 
2016/10/6, , , 22, 13, , 
2016/10/7, , , 22, 13, , 
2016/10/8, , , 7, 15, , 
2016/10/9, , , 26, 11, , 
2016/10/10, , , 26, 9, , 
2016/10/11, , , 21, 15, , 
2016/10/12, , , 25, 14, , 
2016/10/13, , , 38, 19, , 
2016/10/14, , , 19, 24, , 
2016/10/15, , , 16, 18, , 
2016/10/16, , , 39, 17, , 
2016/10/17, , , 39, 27, , 
2016/10/18, , , 37, 22, , 
2016/10/19, , , 36, 26, , 6
2016/10/20, , , 44, 15, , 3
2016/10/21, , , 46, 14, , 3
2016/10/22, , , 11, 10, , 2
2016/10/23, , , 12, 7, , 1
2016/10/24, , , 26, 16, , 3
2016/10/25, , , 39, 25, , 7
2016/10/26, , , 5, 19, , 4
2016/10/27, , , 26, 19, , 4
2016/10/28, , , 20, 15, , 3
2016/10/29, , , 15, 7, , 1
2016/10/30, , , 21, 5, , 1
2016/10/31, , , 19, 20, , 4
2016/11/1, , , 29, 24, , 4
2016/11/2, , , 23, 13, , 2
2016/11/3, , , 30, 16, , 3
2016/11/4, , , 14, 15, , 2
2016/11/5, , , 10, 11, , 2
2016/11/6, , , 15, 14, , 3
2016/11/7, , , 23, 14, , 3
2016/11/8, , , 1, 22, , 4
2016/11/9, , , 47, 23, , 4
2016/11/10, , , 22, 22, , 4
2016/11/11, , , 23, 27, , 5
2016/11/12, , , 28, 12, , 2
2016/11/13, , , 15, 9, , 1
2016/11/14, , , 11, 11, , 1
2016/11/15, , , 8, 8, , 2
2016/11/16, , , 13, 17, , 4
2016/11/17, , , 16, 24, , 4
2016/11/18, , , 26, 14, , 2
2016/11/19, , , 12, 8, , 1
2016/11/20, , , 16, 7, , 1
2016/11/21, , , 8, 23, , 2
2016/11/22, , , 29, 22, , 2
2016/11/23, , , 34, 17, , 4
2016/11/24, , , 16, 19, , 3
2016/11/25, , , 41, 15, , 2
2016/11/26, , , 40, 17, , 3
2016/11/27, , , 47, 16, , 4
2016/11/28, , , 38, 24, , 6
2016/11/29, , , 26, 14, , 3
2016/11/30, , , 12, 10, , 2
2016/12/1, , , 12, 11, , 2
2016/12/2, , , 12, 18, , 3
2016/12/3, , , 41, 16, , 3
2016/12/4, , , 25, 5, , 1
2016/12/5, , , 23, 12, , 2
2016/12/6, , , 16, 19, , 3
2016/12/7, , , 30, 33, , 10
2016/12/8, , , 29, 25, , 4
2016/12/9, , , 26, 17, , 3
2016/12/10, , , 25, 16, , 4
2016/12/11, , , 26, 6, , 4
2016/12/12, , , 10, 10, , 4
2016/12/13, , , 8, 19, , 4
2016/12/14, , , 16, 15, , 3
2016/12/15, , , 13, 9, , 1
2016/12/16, , , 11, 10, , 2
2016/12/17, , , 13, 11, , 2
2016/12/18, , , 30, 15, , 4
2016/12/19, , , 30, 22, , 6
2016/12/20, , , 12, 22, , 4
2016/12/21, , , 19, 24, , 5
2016/12/22, , , 23, 21, , 4
2016/12/23, , , 25, 21, , 4
2016/12/24, , , 40, 14, , 2
2016/12/25, , , 34, 13, , 4
2016/12/26, , , 40, 18, , 3
2016/12/27, , , 38, 26, , 4
2016/12/28, , , 36, 26, , 5
2016/12/29, , , 40, 11, , 3
2016/12/30, , , 37, 4, , 3
2016/12/31, , , 31, 10, , 3
2017/1/1, , , 29, 2, , 5
2017/1/2, , , 2, , , 
2016/7/2, , , 7, 21, , 16
2016/7/3, , , 8, 18, , 13
2016/7/4, , , 15, 24, , 10
2016/7/5, , , 9, 27, , 14
2016/7/6, , , 9, 20, , 8
2016/7/7, , , 13, 23, , 6
2016/7/8, , , 7, 25, , 11
2016/7/9, , , 11, 27, , 9
2016/7/10, , , 17, 25, , 24
2016/7/11, , , 18, 30, , 20
2016/7/12, , , 15, 28, , 11
2016/7/13, , , 17, 28, , 9
2016/7/14, , , 13, 34, , 17
2016/7/15, , , 15, 33, , 13
2016/7/16, , , 17, 23, , 9
2016/7/17, , , 7, 13, , 5
2016/7/18, , , 11, 16, , 5
2016/7/19, , , 21, 21, , 4
2016/7/20, , , 9, 18, , 4
2016/7/21, , , 9, 18, , 3
2016/7/22, , , 10, 16, , 3
2016/7/23, , , 10, 18, , 4
2016/7/24, , , 17, 19, , 9
2016/7/25, , , 18, 30, , 12
2016/7/26, , , 36, 25, , 11
2016/7/27, , , 10, 21, , 5
2016/7/28, , , 11, 15, , 3
2016/7/29, , , 13, 14, , 3
2016/7/30, , , 5, 17, , 4
2016/7/31, , , 15, 16, , 5
2016/8/1, , , 21, 22, , 10
2016/8/2, , , 9, 17, , 7
2016/8/3, , , 3, 15, , 3
2016/8/4, , , 8, 20, , 5
2016/8/5, , , 14, 28, , 7
2016/8/6, , , 11, 24, , 
2016/8/7, , , 18, 16, , 
2016/8/8, , , 13, 15, , 
2016/8/9, , , 9, 28, , 
2016/8/10, , , 1, 13, , 
2016/8/11, , , 6, 16, , 
2016/8/12, , , 4, 15, , 
2016/8/13, , , 10, 25, , 
2016/8/14, , , 19, 24, , 26
2016/8/16, , , 10, 22, , 8
2016/8/17, , , 9, 20, , 8
2016/8/18, , , 23, 19, , 4
2016/8/19, , , 9, 21, , 5
2016/8/20, , , 18, 17, , 5
2016/8/21, , , 3, 8, , 2
2016/8/22, , , 14, 11, , 1
2016/8/23, , , 13, 10, , 4
2016/8/24, , , 13, 4, , 3
2016/8/25, , , 20, , , 11
2016/8/26, , , 20, , , 13
2016/8/27, , , 27, , , 12
2016/8/28, , , 31, , , 15
2016/8/29, , , 28, , , 11
2016/8/30, , , 25, , , 8
2016/8/31, , , 27, , , 6
2016/9/1, , , 12, , , 7
2016/9/9, , , 8, 13, , 
2016/9/10, , , 19, 10, , 
2016/9/11, , , 34, 8, , 
2016/9/12, , , 38, 29, , 
2016/9/13, , , 25, 32, , 
2016/9/14, , , 25, 26, , 
2016/9/15, , , 24, 21, , 
2016/9/16, , , 31, 14, , 
2016/9/17, , , 17, 16, , 
2016/9/18, , , 40, 18, , 
2016/9/19, , , 45, 22, , 
2016/9/20, , , 23, 14, , 
2016/9/21, , , 14, 11, , 
2016/9/22, , , 22, 11, , 
2016/9/23, , , 22, 16, , 
2016/9/24, , , 32, 13, , 
2016/9/25, , , 18, 7, , 
2016/9/26, , , 20, 13, , 
2016/9/27, , , 19, 13, , 
2016/9/28, , , 27, 19, , 
2016/9/29, , , 31, 23, , 
2016/9/30, , , 31, 9, , 
2016/10/1, , , 22, 7, , 
2016/4/2, , , 39, , , 6
2016/4/3, , , 60, , , 6
2016/4/4, , , 45, , , 7
2016/4/5, , , 38, , , 5
2016/4/6, , , 36, , , 8
2016/4/7, , , 45, , , 10
2016/4/8, , , 34, 12, , 9
2016/4/9, , , 40, 23, , 10
2016/4/10, , , 44, 15, , 12
2016/4/11, , , 50, 13, , 9
2016/4/12, , , 18, 16, , 8
2016/4/14, , , 19, 23, , 11
2016/4/15, , , 32, 33, , 14
2016/4/16, , , 29, 22, , 11
2016/4/17, , , 68, 20, , 15
2016/4/18, , , 36, 22, , 14
2016/4/19, , , 23, 19, , 13
2016/4/20, , , 18, 24, , 15
2016/4/21, , , 24, 19, , 16
2016/4/22, , , 26, 22, , 15
2016/4/23, , , 35, 21, , 7
2016/4/24, , , 26, 21, , 12
2016/4/25, , , 22, 24, , 11
2016/4/26, , , 19, 17, , 7
2016/4/27, , , 14, 10, , 7
2016/4/28, , , 7, 14, , 6
2016/4/29, , , 15, 16, , 6
2016/4/30, , , 10, 17, , 7
2016/5/1, , , 19, 9, , 5
2016/5/2, , , 19, 17, , 7
2016/5/3, , , 15, 21, , 8
2016/5/4, , , 28, 23, , 15
2016/5/5, , , 26, 20, , 15
2016/5/6, , , 20, 22, , 16
2016/5/7, , , 21, 29, , 8
2016/5/8, , , 17, 14, , 4
2016/5/9, , , 18, 26, , 6
2016/5/10, , , 13, 20, , 8
2016/5/11, , , 10, 16, , 4
2016/5/12, , , 7, 13, , 3
2016/5/13, , , 8, 12, , 2
2016/5/14, , , 9, 9, , 2
2016/5/15, , , 16, 11, , 3
2016/5/16, , , 19, 16, , 5
2016/5/17, , , 11, 21, , 1
2016/5/18, , , 7, 21, , 4
2016/5/19, , , 1, 16, , 1
2016/5/20, , , 4, 18, , 2
2016/5/21, , , 10, 20, , 1
2016/5/22, , , 3, 15, , 4
2016/5/23, , , 7, 11, , 3
2016/5/24, , , 5, 12, , 3
2016/5/25, , , 12, 14, , 3
2016/5/26, , , 12, 14, , 4
2016/5/27, , , 22, 18, , 5
2016/5/28, , , 12, 11, , 3
2016/5/29, , , 14, 9, , 4
2016/5/30, , , 16, 17, , 7
2016/5/31, , , 6, 17, , 7
2016/6/1, , , 8, 19, , 8
2016/6/2, , , 3, 16, , 4
2016/6/3, , , 6, 16, , 7
2016/6/4, , , 3, 17, , 8
2016/6/5, , , , 12, , 8
2016/6/6, , , 3, 13, , 8
2016/6/7, , , 2, 15, , 5
2016/6/8, , , 3, 17, , 7
2016/6/17, , , 12, 32, , 28
2016/6/18, , , 11, 22, , 24
2016/6/19, , , 17, 12, , 10
2016/6/20, , , 24, 13, , 9
2016/6/21, , , 7, 13, , 9
2016/6/22, , , 7, 14, , 11
2016/6/23, , , 7, 20, , 15
2016/6/24, , , 7, 19, , 11
2016/6/25, , , 12, 14, , 9
2016/6/26, , , 13, 12, , 10
2016/6/27, , , 21, 21, , 12
2016/6/28, , , 9, 26, , 14
2016/6/29, , , 8, 22, , 17
2016/6/30, , , 6, 25, , 17
2016/7/1, , , 5, 22, , 17
2016/1/5, , , 18, 6, , 6
2016/1/6, , , 48, 9, , 7
2016/1/7, , , 49, 12, , 8
2016/1/8, , , 37, 13, , 10
2016/1/9, , , 56, 10, , 10
2016/1/10, , , 17, 6, , 7
2016/1/11, , , 12, 8, , 5
2016/1/12, , , 9, 6, , 6
2016/1/16, , , 2, 4, , 1
2016/1/17, , , 10, 1, , 
2016/1/18, , , 23, 5, , 1
2016/1/19, , , 10, 4, , 1
2016/1/20, , , 12, 4, , 1
2016/1/21, , , 9, 3, , 1
2016/1/22, , , 19, 4, , 1
2016/1/23, , , 14, 3, , 2
2016/1/24, , , 45, 5, , 3
2016/1/25, , , 28, 7, , 4
2016/1/26, , , 37, 10, , 3
2016/1/27, , , 27, 14, , 3
2016/1/28, , , 37, 6, , 2
2016/1/29, , , 33, 8, , 3
2016/1/30, , , 15, 8, , 3
2016/1/31, , , 21, 10, , 3
2016/2/1, , , 28, 19, , 5
2016/2/2, , , 34, 13, , 1
2016/2/3, , , 60, 9, , 1
2016/2/4, , , 60, 7, , 4
2016/2/5, , , 36, 11, , 5
2016/2/6, , , 31, 6, , 3
2016/2/7, , , 25, 2, , 2
2016/2/8, , , 30, 4, , 3
2016/2/9, , , 29, 5, , 4
2016/2/10, , , 23, 7, , 5
2016/2/11, , , 20, 5, , 3
2016/2/12, , , 15, 5, , 2
2016/2/15, , , 36, 15, , 6
2016/2/16, , , 22, 14, , 5
2016/2/17, , , 17, 24, , 6
2016/2/18, , , 15, 22, , 7
2016/2/19, , , 21, 45, , 11
2016/2/20, , , 26, 21, , 5
2016/2/21, , , 32, 14, , 4
2016/2/22, , , 22, 18, , 5
2016/2/23, , , 12, , , 4
2016/2/24, , , 18, , , 5
2016/2/25, , , 13, , , 4
2016/2/26, , , 23, , , 4
2016/2/27, , , 23, , , 3
2016/2/28, , , 17, , , 4
2016/2/29, , , 16, , , 1
2016/3/1, , , 10, , , 4
2016/3/2, , , 5, , , 5
2016/3/3, , , 12, , , 4
2016/3/4, , , 8, , , 4
2016/3/5, , , 12, , , 2
2016/3/6, , , 19, , , 3
2016/3/7, , , 22, , , 4
2016/3/8, , , 30, , , 3
2016/3/9, , , 46, , , 4
2016/3/10, , , 25, , , 7
2016/3/11, , , 5, , , 5
2016/3/12, , , 6, , , 3
2016/3/13, , , 25, , , 1
2016/3/14, , , 20, , , 2
2016/3/15, , , 24, , , 2
2016/3/16, , , 34, , , 2
2016/3/17, , , 18, , , 2
2016/3/18, , , 27, , , 3
2016/3/19, , , 37, , , 3
2016/3/20, , , 61, , , 2
2016/3/21, , , 37, , , 3
2016/3/22, , , 30, , , 8
2016/3/23, , , 20, , , 6
2016/3/24, , , 19, , , 4
2016/3/25, , , 29, , , 3
2016/3/26, , , 23, , , 4
2016/3/27, , , 18, , , 3
2016/3/28, , , 22, , , 6
2016/3/29, , , 21, , , 5
2016/3/30, , , 42, , , 5
2016/3/31, , , 33, , , 7
2016/4/1, , , 46, , , 5
2015/10/12, , , 36, 5, , 10
2015/10/13, , , 24, 11, , 10
2015/10/14, , , 36, 17, , 11
2015/10/15, , , 28, 27, , 13
2015/10/16, , , 31, 28, , 17
2015/10/17, , , 21, 6, , 8
2015/10/18, , , 15, 3, , 5
2015/10/19, , , 24, 10, , 6
2015/10/20, , , 21, 20, , 7
2015/10/21, , , 39, 23, , 9
2015/10/22, , , 23, 17, , 8
2015/10/23, , , 22, 15, , 7
2015/10/24, , , 22, 3, , 3
2015/10/25, , , 14, 3, , 2
2015/10/26, , , 24, 12, , 4
2015/10/27, , , 21, 20, , 6
2015/10/28, , , 22, 13, , 4
2015/10/29, , , 25, 8, , 2
2015/10/30, , , 45, 13, , 3
2015/10/31, , , 41, 13, , 3
2015/11/1, , , 34, 7, , 3
2015/11/2, , , 39, 7, , 2
2015/11/3, , , 31, 19, , 5
2015/11/4, , , 29, 21, , 6
2015/11/5, , , 24, 19, , 6
2015/11/6, , , 18, 14, , 4
2015/11/7, , , 24, 6, , 2
2015/11/8, , , 37, 7, , 2
2015/11/9, , , 36, 17, , 4
2015/11/10, , , 72, 17, , 4
2015/11/11, , , 46, 25, , 6
2015/11/12, , , 95, 12, , 3
2015/11/13, , , 29, 23, , 6
2015/11/14, , , 36, 15, , 4
2015/11/15, , , 33, 8, , 3
2015/11/16, , , 17, 8, , 2
2015/11/17, , , 27, 14, , 4
2015/11/18, , , 28, 19, , 4
2015/11/19, , , 28, 17, , 5
2015/11/20, , , 28, 7, , 2
2015/11/21, , , 18, 4, , 2
2015/11/22, , , 18, 8, , 
2015/11/23, , , 5, 22, , 
2015/11/24, , , 9, 16, , 
2015/11/25, , , 7, 12, , 4
2015/11/26, , , 27, 8, , 5
2015/11/27, , , 35, 9, , 5
2015/11/28, , , 36, 11, , 6
2015/11/29, , , 15, 7, , 5
2015/11/30, , , 11, 7, , 3
2015/12/1, , , 17, 9, , 3
2015/12/2, , , 47, 10, , 4
2015/12/3, , , 14, 10, , 4
2015/12/4, , , 28, 10, , 4
2015/12/5, , , 35, 12, , 5
2015/12/6, , , 30, 8, , 3
2015/12/7, , , 19, 8, , 2
2015/12/8, , , 28, 8, , 2
2015/12/9, , , 21, 12, , 4
2015/12/10, , , 20, 13, , 4
2015/12/11, , , 26, 13, , 4
2015/12/12, , , 20, 12, , 4
2015/12/13, , , 25, 9, , 5
2015/12/14, , , 34, 13, , 6
2015/12/15, , , 28, 16, , 
2015/12/16, , , 17, 8, , 
2015/12/17, , , 34, 11, , 
2015/12/18, , , 35, 19, , 10
2015/12/19, , , 36, 14, , 6
2015/12/20, , , 50, 8, , 
2015/12/21, , , 44, 9, , 
2015/12/22, , , 28, 13, , 
2015/12/23, , , 28, 15, , 
2015/12/24, , , 30, 7, , 
2015/12/25, , , 25, 8, , 
2015/12/26, , , 28, 5, , 
2015/12/27, , , 22, 3, , 
2015/12/28, , , 18, 9, , 
2015/12/29, , , 13, 7, , 1
2015/12/30, , , 16, 5, , 1
2016/1/3, , , 11, 1, , 5
2014/7/2, , , 14, 29, , 13
2014/7/3, , , 8, 51, , 24
2014/4/2, , , 16, 20, , 5
2014/4/3, , , 21, 16, , 5
2014/4/4, , , 10, 11, , 5
2014/4/5, , , 27, 15, , 5
2014/4/6, , , 31, 17, , 6
2014/4/7, , , 31, 17, , 6
2014/4/8, , , 25, 31, , 13
2014/4/9, , , 48, 38, , 13
2014/1/1, , , 17, 6, , 4
2014/2/28, , , 13, 26, , 8
2014/3/1, , , 19, 18, , 5
2014/3/2, , , 27, 14, , 6
2014/3/3, , , 26, 9, , 3
2014/3/4, , , 24, 11, , 3
2014/3/5, , , 4, 19, , 6
2014/3/6, , , 13, 20, , 7
2014/3/7, , , 26, 21, , 5
2014/3/8, , , 18, 20, , 4
2014/3/9, , , 18, 14, , 3
2014/3/10, , , 16, 23, , 6
2014/3/11, , , 18, 25, , 5
2014/3/12, , , 9, 33, , 6
2014/3/13, , , 18, 20, , 4
2014/3/14, , , 24, 27, , 6
2014/3/15, , , 30, 22, , 5
2014/3/16, , , 31, 23, , 5
2014/3/17, , , 24, 29, , 7
2014/3/18, , , 24, 40, , 6
2014/3/19, , , 28, 38, , 7
2014/3/20, , , 19, 30, , 5
2014/3/21, , , 13, 21, , 4
2014/3/22, , , 12, 14, , 2
2014/3/23, , , 12, 7, , 1
2014/3/24, , , 10, 13, , 1
2014/3/25, , , 20, 16, , 2
2014/3/26, , , 16, 13, , 3
2014/3/27, , , 19, 13, , 3
2014/3/28, , , 24, 16, , 5
2014/3/29, , , 34, 19, , 5
2014/3/30, , , 16, 15, , 5
2014/3/31, , , 14, 24, , 8
2014/4/1, , , 17, 23, , 7
2016/8/15, , , , 30, , 15
2016/9/7, , , , 20, , 
2016/9/8, , , , 28, , 
2016/4/13, , , , 19, , 10
2016/6/9, , , , 16, , 9
2016/6/10, , , , 23, , 11
2016/6/11, , , , 17, , 15
2016/6/12, , , , 13, , 8
2016/6/13, , , , 18, , 9
2016/6/14, , , , 20, , 9
2016/6/15, , , , 29, , 18
2016/6/16, , , , 35, , 28
2016/1/4, , , , 4, , 4
2016/1/13, , , , 5, , 5
2016/1/14, , , , 5, , 4
2016/1/15, , , , 6, , 4
2016/2/13, , , , 4, , 3
2016/2/14, , , , 5, , 3